meeting_id,category,subcategory,meeting_lat,meeting_lng,time_slot,location_type,vibe,expected_cost,max_participants,avg_sentiment_score,positive_review_ratio,negative_review_ratio,review_sentiment_variance
1,문화예술,전시회,37.65608897855839,126.8967710912477,afternoon,indoor,창의적인,5380,5,0.685,0.66,0.34,0.314
2,스터디,코딩,37.55360543800264,127.19689676594444,evening,indoor,진지한,5220,5,0.669,0.569,0.431,0.337
3,스터디,영어회화,37.54108886680747,126.81159869773438,evening,indoor,진지한,5518,7,0.684,0.661,0.339,0.317
4,취미활동,베이킹,37.69836774218293,126.96802891810088,afternoon,indoor,여유로운,27440,6,0.687,0.644,0.356,0.283
5,맛집,중식,37.65830264639241,127.04624975867326,evening,indoor,여유로운,32380,6,0.712,0.675,0.325,0.342
6,카페,베이커리,37.59472418060567,126.94009464573082,morning,indoor,감성적인,11339,6,0.675,0.581,0.419,0.358
7,맛집,이자카야,37.67504197342244,127.02406875822696,afternoon,indoor,여유로운,34835,6,0.708,0.689,0.311,0.317
8,소셜,볼링,37.46429002169686,127.03404866437086,evening,indoor,활기찬,24075,4,0.697,0.672,0.328,0.293
9,취미활동,쿠킹,37.64312987407195,127.07588061394476,evening,indoor,여유로운,28962,7,0.681,0.62,0.38,0.275
10,문화예술,공연,37.64953559005555,127.19218831911324,evening,indoor,창의적인,5194,4,0.71,0.745,0.255,0.306
11,소셜,보드게임,37.41556462327819,127.17689348779646,evening,indoor,즐거운,24150,4,0.666,0.543,0.457,0.291
12,맛집,이자카야,37.50155799041805,126.80820464120936,evening,indoor,여유로운,28287,5,0.706,0.686,0.314,0.325
13,취미활동,그림,37.58861641610768,127.02149129255936,evening,indoor,여유로운,29645,9,0.64,0.51,0.49,0.306
14,취미활동,베이킹,37.4058567712094,127.1322758420792,afternoon,indoor,창의적인,34493,7,0.662,0.526,0.474,0.329
15,스포츠,요가,37.57125590766329,127.01082837540538,morning,outdoor,활기찬,6152,14,0.656,0.5,0.5,0.31
16,취미활동,쿠킹,37.57829952017798,127.03744421777856,evening,indoor,창의적인,17469,7,0.653,0.554,0.446,0.316
17,카페,베이커리,37.52626317492296,127.0908417796234,afternoon,indoor,감성적인,12060,5,0.669,0.573,0.427,0.316
18,취미활동,플라워,37.42640180825344,127.15741383339936,evening,indoor,창의적인,21267,7,0.67,0.577,0.423,0.295
19,문화예술,전시회,37.65907310094175,127.17170439007916,evening,indoor,감성적인,22278,9,0.689,0.623,0.377,0.333
20,스터디,코딩,37.6961247092018,127.0227522360592,evening,indoor,진지한,2224,5,0.684,0.652,0.348,0.293
21,스터디,코딩,37.40159725717132,127.02592766515455,evening,indoor,진지한,2713,7,0.685,0.667,0.333,0.33
22,맛집,중식,37.56859440248792,126.88570217373729,evening,indoor,여유로운,34623,6,0.677,0.652,0.348,0.328
23,소셜,볼링,37.53516096172012,126.80465795980125,evening,indoor,즐거운,21627,4,0.653,0.538,0.462,0.338
24,스터디,영어회화,37.62088396963503,127.02853581138125,evening,indoor,진지한,534,4,0.68,0.667,0.333,0.285
25,문화예술,전시회,37.58231273354958,126.9575911315669,afternoon,indoor,창의적인,8364,7,0.689,0.667,0.333,0.289
26,문화예술,공방체험,37.61613011066773,127.0575082432405,evening,indoor,감성적인,20097,4,0.692,0.633,0.367,0.301
27,맛집,일식,37.5835712254302,126.94940786569268,afternoon,indoor,힐링,35893,7,0.686,0.663,0.337,0.314
28,맛집,이자카야,37.57630834085939,126.90087279272772,afternoon,indoor,힐링,23509,6,0.679,0.57,0.43,0.331
29,문화예술,공방체험,37.42897660474836,127.18070620645692,afternoon,indoor,감성적인,12478,7,0.685,0.636,0.364,0.28
30,맛집,이자카야,37.41236834419972,126.90031933404478,afternoon,indoor,여유로운,36303,5,0.685,0.622,0.378,0.341
31,스포츠,러닝,37.52069286013744,126.8646391823832,morning,outdoor,활기찬,7606,13,0.679,0.605,0.395,0.316
32,취미활동,그림,37.42516938818867,126.82091054890888,afternoon,indoor,여유로운,16484,6,0.684,0.617,0.383,0.324
33,취미활동,그림,37.57959115364896,126.91701617139265,evening,indoor,즐거운,30895,7,0.678,0.654,0.346,0.31
34,소셜,당구,37.49167293779835,127.00705557427575,evening,indoor,즐거운,17614,9,0.675,0.63,0.37,0.253
35,취미활동,쿠킹,37.437523468044894,126.81659972175429,evening,indoor,여유로운,19884,6,0.687,0.653,0.347,0.288
36,스포츠,요가,37.53628121730813,127.08782336530618,evening,outdoor,에너지 넘치는,8461,6,0.653,0.523,0.477,0.311
37,취미활동,플라워,37.528921102678936,126.96993229465733,evening,indoor,창의적인,15600,5,0.681,0.591,0.409,0.322
38,스터디,독서토론,37.52970679764403,127.19667978440742,evening,indoor,진지한,7420,7,0.709,0.708,0.292,0.311
39,소셜,볼링,37.412235504030654,126.92600331007591,evening,indoor,즐거운,14389,8,0.66,0.56,0.44,0.295
40,맛집,일식,37.67674966889075,127.14106646124068,evening,indoor,여유로운,24818,7,0.687,0.63,0.37,0.293
41,소셜,방탈출,37.47601943226781,127.0020112184595,evening,indoor,즐거운,15469,5,0.669,0.573,0.427,0.32
42,스포츠,배드민턴,37.55435808097467,126.84275411819564,morning,outdoor,에너지 넘치는,8360,7,0.666,0.615,0.385,0.3
43,문화예술,갤러리,37.41353476358044,127.17337640286834,afternoon,indoor,감성적인,19917,8,0.673,0.619,0.381,0.304
44,맛집,일식,37.6264820600475,126.93174140969998,afternoon,indoor,여유로운,24976,4,0.668,0.605,0.395,0.304
45,문화예술,공방체험,37.41241231474017,126.95155483613304,evening,indoor,창의적인,7041,5,0.664,0.573,0.427,0.307
46,소셜,보드게임,37.661631819123976,126.91557480666305,evening,indoor,즐거운,22214,9,0.69,0.609,0.391,0.317
47,문화예술,공연,37.57292166543609,127.11680125045208,afternoon,indoor,감성적인,19323,9,0.692,0.621,0.379,0.298
48,맛집,한식,37.63990352409608,126.97312062449052,afternoon,indoor,여유로운,21640,5,0.681,0.568,0.432,0.342
49,스터디,재테크,37.56200875767821,126.98441342723912,evening,indoor,진지한,2607,7,0.666,0.615,0.385,0.304
50,취미활동,플라워,37.6957974716512,127.17510582372728,evening,indoor,즐거운,32782,9,0.673,0.581,0.419,0.292
51,취미활동,그림,37.66407439834267,127.1843616616516,evening,indoor,창의적인,29383,6,0.696,0.657,0.343,0.332
52,맛집,양식,37.47499962056715,127.01404820306936,evening,indoor,여유로운,31981,5,0.671,0.578,0.422,0.307
53,취미활동,플라워,37.56566668405216,127.06438952825988,evening,indoor,창의적인,22197,7,0.685,0.638,0.362,0.319
54,맛집,중식,37.57878438523778,126.81254462752185,afternoon,indoor,힐링,30823,7,0.732,0.723,0.277,0.305
55,소셜,방탈출,37.52214928954014,126.96367865751428,evening,indoor,활기찬,21767,5,0.692,0.626,0.374,0.325
56,문화예술,공연,37.44043573547523,126.99843019140022,afternoon,indoor,창의적인,7522,5,0.715,0.73,0.27,0.307
57,소셜,보드게임,37.49547649918382,126.89602786124289,evening,indoor,활기찬,23634,5,0.671,0.54,0.46,0.307
58,취미활동,쿠킹,37.50005370609886,126.88758805084233,afternoon,indoor,창의적인,20539,6,0.673,0.607,0.393,0.316
59,카페,베이커리,37.48128896236137,126.91425063987344,morning,indoor,힐링,18554,7,0.66,0.556,0.444,0.3
60,취미활동,쿠킹,37.58654736937713,127.04054384291136,afternoon,indoor,여유로운,26806,8,0.696,0.606,0.394,0.317
61,카페,카페투어,37.45744802297924,126.86692055199724,afternoon,indoor,여유로운,16719,4,0.699,0.682,0.318,0.332
62,취미활동,플라워,37.61854128366758,126.80002113077292,afternoon,indoor,창의적인,31284,7,0.683,0.733,0.267,0.272
63,문화예술,갤러리,37.68015763873572,127.12391541147524,evening,indoor,창의적인,6865,7,0.685,0.643,0.357,0.301
64,취미활동,플라워,37.44591277914915,127.00223433247376,evening,indoor,즐거운,32536,7,0.68,0.596,0.404,0.304
65,취미활동,플라워,37.54290148804831,127.17313848854413,afternoon,indoor,여유로운,25022,9,0.685,0.622,0.378,0.303
66,취미활동,쿠킹,37.5126132061698,126.89663400026834,evening,indoor,창의적인,30923,6,0.672,0.632,0.368,0.267
67,카페,베이커리,37.57895480020959,126.92726087432166,morning,indoor,감성적인,12469,5,0.688,0.635,0.365,0.309
68,스터디,재테크,37.42790911242227,127.03570693550267,evening,indoor,진지한,4256,7,0.681,0.62,0.38,0.292
69,문화예술,공연,37.53542230113007,127.00057896793668,afternoon,indoor,창의적인,13967,6,0.694,0.708,0.292,0.292
70,스포츠,러닝,37.54278266526432,126.84903326260287,evening,outdoor,활기찬,4540,13,0.657,0.562,0.438,0.288
71,카페,베이커리,37.40566426357287,126.84021214347672,afternoon,indoor,감성적인,16899,7,0.68,0.575,0.425,0.32
72,맛집,이자카야,37.65231349475377,127.00539918453674,evening,indoor,여유로운,20924,6,0.687,0.614,0.386,0.31
73,문화예술,전시회,37.53507955804899,126.87975232760424,afternoon,indoor,감성적인,5846,7,0.662,0.546,0.454,0.296
74,소셜,볼링,37.6630052640382,126.88652037611848,evening,indoor,활기찬,14908,7,0.658,0.56,0.44,0.303
75,취미활동,쿠킹,37.69685598785026,126.90502894857438,evening,indoor,즐거운,30445,6,0.699,0.719,0.281,0.301
76,카페,브런치,37.5899850446999,127.12428826917808,afternoon,indoor,감성적인,12964,4,0.662,0.545,0.455,0.327
77,스터디,재테크,37.4954489811268,126.88784761819171,evening,indoor,진지한,5419,6,0.68,0.626,0.374,0.315
78,소셜,당구,37.514330154083545,127.08778809252536,evening,indoor,즐거운,24647,4,0.678,0.619,0.381,0.305
79,소셜,당구,37.4239367370902,126.9671878174346,evening,indoor,활기찬,22379,9,0.67,0.653,0.347,0.312
80,스포츠,축구,37.65227715313204,127.05747169438288,evening,outdoor,에너지 넘치는,4673,9,0.668,0.584,0.416,0.322
81,맛집,이자카야,37.69071128789077,126.98691494327284,afternoon,indoor,여유로운,26120,5,0.677,0.653,0.347,0.319
82,스포츠,요가,37.66271511096768,127.12056672436346,evening,outdoor,에너지 넘치는,984,9,0.67,0.562,0.438,0.319
83,스포츠,요가,37.65396034793702,127.0020662846091,morning,outdoor,에너지 넘치는,1389,7,0.659,0.537,0.463,0.307
84,문화예술,공연,37.44942020266632,126.94054237386196,evening,indoor,감성적인,11997,6,0.69,0.68,0.32,0.293
85,스포츠,러닝,37.67125736226573,127.04086750775556,morning,outdoor,에너지 넘치는,7857,13,0.687,0.659,0.341,0.297
86,카페,카페투어,37.61761688049855,126.88386436884468,afternoon,indoor,힐링,19891,6,0.706,0.678,0.322,0.338
87,카페,브런치,37.68269028137036,127.10202728165264,morning,indoor,힐링,13377,7,0.662,0.626,0.374,0.304
88,소셜,볼링,37.51313359536034,127.16255659294488,evening,indoor,즐거운,20747,4,0.683,0.616,0.384,0.33
89,스터디,영어회화,37.61662923388037,126.8696736752272,evening,indoor,진지한,4721,5,0.668,0.583,0.417,0.309
90,취미활동,쿠킹,37.60220041132096,127.016602512849,afternoon,indoor,창의적인,30234,5,0.686,0.625,0.375,0.299
91,카페,디저트,37.625720736115845,127.14556132651764,morning,indoor,힐링,18562,7,0.686,0.639,0.361,0.31
92,카페,브런치,37.46852268847023,127.12888446212308,afternoon,indoor,여유로운,17881,7,0.692,0.657,0.343,0.302
93,카페,베이커리,37.45388262164819,127.09400927927128,afternoon,indoor,감성적인,11134,4,0.682,0.6,0.4,0.33
94,취미활동,그림,37.458198186867016,126.91394107064424,afternoon,indoor,여유로운,25626,9,0.689,0.699,0.301,0.298
95,스터디,재테크,37.58456846084006,126.97727203005786,evening,indoor,진지한,5061,5,0.67,0.543,0.457,0.331
96,소셜,당구,37.66209014679041,126.8302217975051,evening,indoor,활기찬,18461,6,0.671,0.569,0.431,0.331
97,취미활동,쿠킹,37.662894190974654,126.91919191786492,afternoon,indoor,즐거운,21013,4,0.68,0.663,0.337,0.304
98,소셜,방탈출,37.41411171602442,127.1516440895572,evening,indoor,활기찬,13989,5,0.653,0.56,0.44,0.278
99,맛집,이자카야,37.68473373706647,127.19944692766576,afternoon,indoor,여유로운,33174,5,0.684,0.66,0.34,0.327
100,소셜,보드게임,37.62927326636594,127.01584634024074,evening,indoor,활기찬,17325,6,0.645,0.55,0.45,0.315
101,맛집,일식,37.488201016578486,127.02395724061438,afternoon,indoor,여유로운,19178,5,0.698,0.632,0.368,0.306
102,취미활동,베이킹,37.48912886575192,126.82170847415574,afternoon,indoor,여유로운,16737,9,0.68,0.673,0.327,0.269
103,스포츠,등산,37.62618130533243,126.84415769369996,morning,outdoor,에너지 넘치는,708,8,0.663,0.565,0.435,0.324
104,맛집,이자카야,37.40244387445827,126.8852229402932,evening,indoor,여유로운,24381,4,0.679,0.677,0.323,0.292
105,취미활동,그림,37.63315577283189,126.91416211612112,evening,indoor,여유로운,16190,8,0.694,0.69,0.31,0.281
106,맛집,양식,37.45666105602886,127.08045645255343,afternoon,indoor,힐링,22437,4,0.7,0.673,0.327,0.319
107,취미활동,그림,37.60893133781067,126.86585089862616,evening,indoor,여유로운,22716,9,0.714,0.67,0.33,0.324
108,소셜,방탈출,37.54277189824196,126.81782801628503,evening,indoor,즐거운,18439,5,0.667,0.582,0.418,0.299
109,스터디,독서토론,37.49560917718562,126.9794170197474,evening,indoor,진지한,5009,5,0.661,0.564,0.436,0.286
110,카페,베이커리,37.657830374850064,126.90250196955564,morning,indoor,감성적인,18712,4,0.645,0.49,0.51,0.353
111,스포츠,축구,37.60510986371739,126.80787328615256,morning,outdoor,에너지 넘치는,4870,9,0.651,0.5,0.5,0.284
112,스포츠,러닝,37.61466884819967,127.088630610434,morning,outdoor,활기찬,8353,11,0.665,0.59,0.41,0.283
113,스터디,재테크,37.43629993025362,126.86748065712148,evening,indoor,진지한,2526,6,0.684,0.596,0.404,0.344
114,스터디,재테크,37.518906851590245,126.8311356612442,evening,indoor,진지한,2989,5,0.69,0.641,0.359,0.304
115,소셜,볼링,37.48736699557348,127.0456734895938,evening,indoor,즐거운,21294,9,0.683,0.593,0.407,0.322
116,소셜,볼링,37.40168939382441,126.8745267106074,evening,indoor,활기찬,17548,7,0.704,0.663,0.337,0.339
117,소셜,당구,37.413019153573565,126.93939119031826,evening,indoor,활기찬,22479,9,0.659,0.513,0.487,0.313
118,스터디,영어회화,37.54859529408017,126.9710767152134,evening,indoor,진지한,7648,4,0.683,0.622,0.378,0.286
119,스터디,코딩,37.6208052105096,127.02273776525382,evening,indoor,진지한,7432,4,0.671,0.6,0.4,0.32
120,취미활동,베이킹,37.45383357127425,126.8101682740718,afternoon,indoor,여유로운,26750,7,0.715,0.667,0.333,0.342
121,소셜,볼링,37.559693079013975,126.83034865648962,evening,indoor,즐거운,22337,8,0.693,0.645,0.355,0.334
122,카페,베이커리,37.54083045864621,127.08812916659144,morning,indoor,힐링,13954,5,0.674,0.653,0.347,0.294
123,스터디,재테크,37.68982996181945,127.13289517662449,evening,indoor,진지한,2276,5,0.707,0.692,0.308,0.335
124,문화예술,전시회,37.66724723945319,126.83778497032044,afternoon,indoor,감성적인,23981,5,0.688,0.594,0.406,0.339
125,취미활동,플라워,37.50893977707784,127.13788366683036,evening,indoor,창의적인,23817,4,0.669,0.607,0.393,0.303
126,취미활동,쿠킹,37.580757767037575,126.82852919576511,afternoon,indoor,즐거운,19207,7,0.695,0.687,0.313,0.307
127,문화예술,공연,37.50024092356285,126.84294444738026,afternoon,indoor,감성적인,5668,5,0.691,0.643,0.357,0.293
128,문화예술,공방체험,37.429401624461285,127.0815768329688,afternoon,indoor,창의적인,11199,9,0.665,0.56,0.44,0.309
129,맛집,이자카야,37.64801829451888,126.84276794575192,evening,indoor,힐링,32427,4,0.664,0.528,0.472,0.348
130,맛집,양식,37.4216815127034,127.07628041579969,afternoon,indoor,힐링,24479,7,0.673,0.549,0.451,0.339
131,맛집,한식,37.53176315327956,127.13730481712872,afternoon,indoor,여유로운,22784,4,0.704,0.654,0.346,0.311
132,카페,디저트,37.41845172093759,126.82053374852948,afternoon,indoor,힐링,13372,5,0.69,0.622,0.378,0.327
133,소셜,보드게임,37.475680726880256,126.86265895134544,evening,indoor,활기찬,14113,9,0.676,0.644,0.356,0.288
134,카페,카페투어,37.40426064685123,126.86136703176436,afternoon,indoor,힐링,10685,6,0.689,0.643,0.357,0.327
135,취미활동,플라워,37.50668659977727,127.11640162962615,evening,indoor,여유로운,17556,5,0.661,0.564,0.436,0.319
136,스포츠,사이클링,37.47887727428965,126.95019944880828,evening,outdoor,활기찬,3431,13,0.667,0.577,0.423,0.332
137,카페,카페투어,37.67283823941463,127.00799924961476,afternoon,indoor,여유로운,12278,6,0.684,0.613,0.387,0.312
138,스터디,영어회화,37.6321808386471,127.12553165263714,evening,indoor,진지한,3948,5,0.677,0.65,0.35,0.342
139,소셜,방탈출,37.65775671161647,126.98701753987751,evening,indoor,즐거운,23551,6,0.675,0.587,0.413,0.346
140,카페,카페투어,37.65508021830078,127.08254750874012,afternoon,indoor,힐링,11651,7,0.684,0.613,0.387,0.316
141,소셜,당구,37.532646841433845,126.82860120973264,evening,indoor,활기찬,23767,8,0.658,0.557,0.443,0.318
142,카페,베이커리,37.49908825264044,127.03814228900411,afternoon,indoor,여유로운,10475,4,0.708,0.663,0.337,0.314
143,카페,베이커리,37.608606275219564,126.84228982417244,morning,indoor,여유로운,12861,6,0.68,0.661,0.339,0.301
144,스터디,코딩,37.6754774503824,127.04120153617195,evening,indoor,진지한,6424,6,0.695,0.571,0.429,0.341
145,스포츠,축구,37.42804038107133,127.003140057255,evening,outdoor,활기찬,4163,8,0.653,0.571,0.429,0.309
146,스포츠,요가,37.57695031833192,126.88024654844986,morning,outdoor,활기찬,1618,10,0.651,0.542,0.458,0.348
147,맛집,중식,37.670636671473616,127.1669824887564,afternoon,indoor,힐링,21761,4,0.675,0.612,0.388,0.303
148,맛집,양식,37.478765069006,126.8157012212284,evening,indoor,여유로운,33615,4,0.679,0.615,0.385,0.329
149,문화예술,갤러리,37.57367495977782,126.95707964534355,afternoon,indoor,감성적인,15301,6,0.669,0.559,0.441,0.332
150,스터디,코딩,37.44797397350724,126.95925979740916,evening,indoor,진지한,4639,6,0.689,0.681,0.319,0.304
151,문화예술,공연,37.57615373844071,126.99059575894152,afternoon,indoor,감성적인,19432,7,0.673,0.558,0.442,0.317
152,스포츠,사이클링,37.6459604442581,127.02157669354186,evening,outdoor,에너지 넘치는,2855,8,0.673,0.654,0.346,0.316
153,스포츠,축구,37.48243707932654,126.84375997018414,morning,outdoor,활기찬,3190,10,0.678,0.6,0.4,0.301
154,맛집,일식,37.67007045722964,127.00919260604232,afternoon,indoor,여유로운,25021,6,0.688,0.711,0.289,0.314
155,스포츠,요가,37.55191092129567,127.06875680625456,morning,outdoor,활기찬,5021,6,0.66,0.588,0.412,0.313
156,취미활동,베이킹,37.54999317948872,126.8563615774752,evening,indoor,창의적인,27953,5,0.673,0.553,0.447,0.29
157,스터디,독서토론,37.54965530712328,126.88603409151403,evening,indoor,진지한,2174,7,0.693,0.646,0.354,0.331
158,스포츠,배드민턴,37.63790309228768,126.85305754978158,evening,outdoor,에너지 넘치는,7790,13,0.677,0.582,0.418,0.32
159,취미활동,그림,37.68985340745037,127.12841277883858,afternoon,indoor,여유로운,18723,7,0.704,0.673,0.327,0.318
160,문화예술,공방체험,37.48048465866184,127.13680968722598,evening,indoor,창의적인,21774,6,0.672,0.584,0.416,0.297
161,맛집,일식,37.40550671731374,126.924711058722,evening,indoor,여유로운,15233,7,0.664,0.59,0.41,0.336
162,문화예술,공방체험,37.55530360046929,127.1327296473544,afternoon,indoor,창의적인,11983,9,0.696,0.687,0.313,0.3
163,소셜,볼링,37.41081121324976,127.1731116498751,evening,indoor,즐거운,19711,5,0.659,0.532,0.468,0.32
164,카페,브런치,37.63054033869924,126.88865892584704,afternoon,indoor,감성적인,12427,4,0.66,0.558,0.442,0.293
165,스포츠,러닝,37.57265606508984,127.1701058566628,morning,outdoor,활기찬,9708,14,0.649,0.558,0.442,0.3
166,소셜,방탈출,37.5066216220287,127.12819857786316,evening,indoor,활기찬,21413,7,0.708,0.709,0.291,0.314
167,소셜,볼링,37.54305133245742,127.12905450862289,evening,indoor,활기찬,12634,6,0.647,0.509,0.491,0.304
168,카페,디저트,37.53945494111122,127.0150092400812,morning,indoor,여유로운,14102,7,0.674,0.594,0.406,0.285
169,스포츠,요가,37.51783569389861,127.07825630137816,morning,outdoor,활기찬,5423,9,0.661,0.6,0.4,0.3
170,스포츠,등산,37.59413337829223,126.81322087795178,morning,outdoor,활기찬,788,9,0.673,0.602,0.398,0.306
171,스터디,재테크,37.404488359476886,126.90581851449042,evening,indoor,진지한,4112,5,0.679,0.598,0.402,0.321
172,문화예술,전시회,37.68021094719771,126.93097622518162,afternoon,indoor,창의적인,9738,4,0.665,0.626,0.374,0.291
173,취미활동,플라워,37.439252708404645,127.0703246542971,evening,indoor,창의적인,30793,5,0.65,0.491,0.509,0.324
174,스터디,재테크,37.40472079411206,126.903820899466,evening,indoor,진지한,5291,5,0.693,0.652,0.348,0.326
175,카페,베이커리,37.687132128800016,127.07871820558574,afternoon,indoor,여유로운,14603,7,0.671,0.562,0.438,0.318
176,맛집,양식,37.59459369771862,127.08862155303738,afternoon,indoor,힐링,26885,6,0.708,0.716,0.284,0.317
177,카페,카페투어,37.63749202165492,126.99028163127562,afternoon,indoor,여유로운,17711,7,0.705,0.726,0.274,0.316
178,맛집,양식,37.44877012059904,127.19820657943612,afternoon,indoor,힐링,15373,4,0.688,0.659,0.341,0.313
179,소셜,보드게임,37.618909888234015,127.12440614997284,evening,indoor,즐거운,21808,9,0.692,0.7,0.3,0.282
180,문화예술,공연,37.613073002578176,126.84615994331232,afternoon,indoor,감성적인,21959,6,0.681,0.62,0.38,0.319
181,스포츠,축구,37.41303687389035,127.16159200362236,evening,outdoor,활기찬,7359,11,0.668,0.573,0.427,0.318
182,스터디,독서토론,37.54499343460919,126.9343881229522,evening,indoor,진지한,1235,4,0.697,0.632,0.368,0.336
183,스터디,영어회화,37.556479853897336,127.17331056495163,evening,indoor,진지한,6448,5,0.68,0.606,0.394,0.311
184,소셜,보드게임,37.59312455973288,126.93403697370734,evening,indoor,즐거운,23661,6,0.675,0.552,0.448,0.333
185,문화예술,공연,37.55505103032035,126.90534544759925,evening,indoor,창의적인,16981,8,0.703,0.635,0.365,0.307
186,소셜,보드게임,37.525512411532354,127.11142553901873,evening,indoor,활기찬,18322,4,0.666,0.577,0.423,0.29
187,맛집,이자카야,37.465167229745326,127.08565279744086,afternoon,indoor,힐링,21974,6,0.659,0.588,0.412,0.332
188,소셜,당구,37.48877790469409,127.08681917548284,evening,indoor,활기찬,24857,6,0.671,0.596,0.404,0.318
189,문화예술,공연,37.61888199477061,126.84009654810704,evening,indoor,감성적인,18596,7,0.691,0.694,0.306,0.306
190,스포츠,요가,37.62281921883623,126.96572332493366,evening,outdoor,활기찬,4112,14,0.683,0.667,0.333,0.308
191,취미활동,쿠킹,37.65348511318178,126.80009634980716,evening,indoor,여유로운,15608,4,0.702,0.705,0.295,0.301
192,취미활동,플라워,37.58192293302314,126.98059837564776,evening,indoor,여유로운,17450,4,0.682,0.62,0.38,0.295
193,문화예술,갤러리,37.67230458356575,126.92185433291743,afternoon,indoor,감성적인,5409,4,0.689,0.62,0.38,0.33
194,스터디,영어회화,37.55957320906439,126.83674013489168,evening,indoor,진지한,3560,6,0.697,0.663,0.337,0.335
195,스포츠,러닝,37.63292099660664,126.92453569717176,morning,outdoor,활기찬,9815,7,0.687,0.647,0.353,0.334
196,소셜,당구,37.49105303746343,126.8434429609386,evening,indoor,활기찬,19298,8,0.665,0.597,0.403,0.302
197,취미활동,그림,37.45967520785458,126.83189542297178,evening,indoor,창의적인,20787,8,0.694,0.658,0.342,0.31
198,문화예술,공연,37.67410087923282,126.98811357450528,afternoon,indoor,감성적인,23562,6,0.703,0.716,0.284,0.3
199,소셜,방탈출,37.475392306142645,126.8664802147235,evening,indoor,활기찬,14777,5,0.682,0.602,0.398,0.308
200,스터디,코딩,37.60007161600527,126.89361127012276,evening,indoor,진지한,4704,4,0.676,0.624,0.376,0.335
201,카페,브런치,37.65724557612087,126.80007407811816,afternoon,indoor,여유로운,17155,6,0.691,0.571,0.429,0.33
202,맛집,이자카야,37.49111992672656,126.93471704443284,evening,indoor,여유로운,35789,6,0.696,0.649,0.351,0.326
203,소셜,보드게임,37.53297603244249,126.87449797531993,evening,indoor,즐거운,15846,9,0.677,0.596,0.404,0.316
204,소셜,볼링,37.59027579603546,126.94156226688472,evening,indoor,활기찬,19976,9,0.658,0.562,0.438,0.312
205,소셜,보드게임,37.66112013893175,127.02329270011188,evening,indoor,활기찬,17188,9,0.679,0.629,0.371,0.306
206,소셜,보드게임,37.575030690413264,127.17914806744788,evening,indoor,즐거운,22281,7,0.697,0.675,0.325,0.296
207,스포츠,러닝,37.44422383509019,127.08326796873423,morning,outdoor,활기찬,2502,12,0.665,0.552,0.448,0.33
208,소셜,당구,37.49987362886942,126.87046156500114,evening,indoor,활기찬,21267,6,0.664,0.544,0.456,0.304
209,소셜,방탈출,37.40963287414461,127.05754717102204,evening,indoor,활기찬,10809,4,0.689,0.631,0.369,0.311
210,카페,브런치,37.61871012284885,127.17112402465908,morning,indoor,힐링,15032,6,0.659,0.571,0.429,0.305
211,취미활동,플라워,37.472037986135454,126.84032287885564,evening,indoor,여유로운,18540,7,0.683,0.663,0.337,0.311
212,소셜,방탈출,37.41028750349316,127.08093537364074,evening,indoor,즐거운,23391,6,0.682,0.613,0.387,0.291
213,소셜,방탈출,37.48107466251852,127.00185642237923,evening,indoor,즐거운,23167,8,0.647,0.489,0.511,0.337
214,스포츠,축구,37.50343607859636,127.1574594596362,morning,outdoor,에너지 넘치는,5627,13,0.663,0.586,0.414,0.301
215,취미활동,그림,37.69796782018417,126.8046288795021,evening,indoor,여유로운,27463,6,0.664,0.59,0.41,0.329
216,카페,브런치,37.46964017384005,126.800377217011,afternoon,indoor,감성적인,19852,7,0.69,0.628,0.372,0.319
217,스터디,재테크,37.609863342129664,126.98630807819916,evening,indoor,진지한,4096,7,0.666,0.591,0.409,0.298
218,맛집,중식,37.53428716179966,127.11007630771756,evening,indoor,여유로운,22917,4,0.693,0.634,0.366,0.343
219,맛집,양식,37.43643943127213,127.0434138573109,afternoon,indoor,여유로운,26319,7,0.675,0.57,0.43,0.312
220,취미활동,플라워,37.6256464676773,127.00143075853543,afternoon,indoor,즐거운,33726,8,0.702,0.648,0.352,0.297
221,맛집,양식,37.69488347648607,126.90965446687676,evening,indoor,힐링,26053,6,0.688,0.66,0.34,0.309
222,소셜,보드게임,37.672647209290645,126.80846894549416,evening,indoor,활기찬,19836,9,0.695,0.674,0.326,0.316
223,취미활동,베이킹,37.40507294397691,127.04721747164947,evening,indoor,즐거운,17157,7,0.722,0.736,0.264,0.308
224,문화예술,공방체험,37.65410361061673,127.13116482485962,afternoon,indoor,감성적인,16782,4,0.669,0.609,0.391,0.315
225,스포츠,러닝,37.48063438944848,127.01289832285671,morning,outdoor,에너지 넘치는,4887,12,0.667,0.605,0.395,0.318
226,스포츠,사이클링,37.61090950999224,126.88904145461647,evening,outdoor,활기찬,5119,8,0.687,0.659,0.341,0.324
227,맛집,한식,37.53874706312168,127.022420969712,evening,indoor,여유로운,15606,4,0.667,0.574,0.426,0.321
228,취미활동,베이킹,37.451508197938544,126.84101381524503,evening,indoor,즐거운,16884,7,0.661,0.566,0.434,0.305
229,카페,브런치,37.47481273639877,127.15626667035676,afternoon,indoor,감성적인,10729,4,0.659,0.52,0.48,0.341
230,취미활동,플라워,37.65119904617991,126.80622501850348,afternoon,indoor,즐거운,19015,4,0.68,0.581,0.419,0.324
231,소셜,당구,37.43699174159643,126.99457864467642,evening,indoor,즐거운,11788,7,0.697,0.644,0.356,0.315
232,취미활동,플라워,37.41955993001184,126.92297301301912,afternoon,indoor,여유로운,33300,8,0.692,0.681,0.319,0.29
233,문화예술,전시회,37.58747674093654,127.11192747024926,evening,indoor,창의적인,15385,4,0.684,0.626,0.374,0.305
234,문화예술,공방체험,37.54407620032585,126.87097266089984,afternoon,indoor,창의적인,14891,7,0.659,0.579,0.421,0.325
235,스터디,재테크,37.468734984173416,126.89271611104662,evening,indoor,진지한,7211,4,0.718,0.727,0.273,0.315
236,카페,베이커리,37.64314088512088,127.13122381709316,morning,indoor,힐링,19154,6,0.687,0.593,0.407,0.316
237,스포츠,등산,37.52138176488406,126.97819107323332,evening,outdoor,에너지 넘치는,4618,8,0.655,0.552,0.448,0.34
238,스포츠,러닝,37.54268618429248,126.9697585170994,morning,outdoor,활기찬,5421,12,0.691,0.646,0.354,0.306
239,맛집,일식,37.58799310499353,127.0910373373219,afternoon,indoor,힐링,26762,7,0.683,0.63,0.37,0.346
240,스포츠,사이클링,37.59201463907902,126.99791774197676,morning,outdoor,활기찬,8747,14,0.646,0.505,0.495,0.312
241,스포츠,요가,37.5891202778108,126.92049029922492,evening,outdoor,에너지 넘치는,8886,10,0.655,0.544,0.456,0.31
242,카페,베이커리,37.61523033526348,127.1050613959646,morning,indoor,감성적인,12341,6,0.686,0.628,0.372,0.301
243,카페,디저트,37.46353978657447,127.14044433033902,afternoon,indoor,여유로운,19619,7,0.682,0.582,0.418,0.318
244,카페,베이커리,37.45015875636418,126.81138295673756,morning,indoor,감성적인,18512,6,0.678,0.628,0.372,0.316
245,소셜,방탈출,37.667248026072286,127.19059601361772,evening,indoor,즐거운,19337,8,0.669,0.616,0.384,0.288
246,문화예술,전시회,37.611614167894224,126.91663108670396,evening,indoor,감성적인,9765,8,0.673,0.655,0.345,0.304
247,스터디,재테크,37.40553692571291,127.01824338577086,evening,indoor,진지한,5654,6,0.679,0.589,0.411,0.312
248,맛집,이자카야,37.52472027449701,126.95185234699426,afternoon,indoor,여유로운,29728,6,0.691,0.656,0.344,0.313
249,카페,디저트,37.63987359323061,127.03224790419294,morning,indoor,여유로운,13326,4,0.675,0.56,0.44,0.346
250,스포츠,배드민턴,37.50948715630047,126.90948396686912,morning,outdoor,에너지 넘치는,3364,8,0.694,0.66,0.34,0.34
251,취미활동,그림,37.690095505408415,126.8640296421947,afternoon,indoor,즐거운,34683,5,0.704,0.708,0.292,0.288
252,맛집,이자카야,37.475873541666886,126.81619512973133,evening,indoor,힐링,38380,5,0.705,0.663,0.337,0.302
253,소셜,당구,37.668356971073294,126.8737060304683,evening,indoor,즐거운,11260,7,0.676,0.578,0.422,0.308
254,스터디,코딩,37.55434389263931,127.08538294417362,evening,indoor,진지한,7409,7,0.681,0.634,0.366,0.328
255,카페,베이커리,37.54132485521136,126.95918122248054,afternoon,indoor,힐링,18131,6,0.693,0.645,0.355,0.331
256,맛집,일식,37.6937785596826,126.83545318989982,afternoon,indoor,힐링,27005,7,0.703,0.62,0.38,0.332
257,스포츠,축구,37.58111801526054,127.12016434499748,evening,outdoor,에너지 넘치는,9970,12,0.662,0.574,0.426,0.292
258,스포츠,축구,37.6486789673579,126.84359999594518,morning,outdoor,에너지 넘치는,4278,12,0.674,0.59,0.41,0.341
259,문화예술,공연,37.60033316793373,126.82373529232255,afternoon,indoor,창의적인,22662,7,0.671,0.596,0.404,0.309
260,취미활동,베이킹,37.646272890221184,127.11300480328234,afternoon,indoor,여유로운,20019,6,0.718,0.679,0.321,0.319
261,소셜,볼링,37.51039552315604,126.83105275409991,evening,indoor,즐거운,20863,5,0.696,0.667,0.333,0.29
262,카페,베이커리,37.40130322033522,127.05812783333504,afternoon,indoor,힐링,12812,4,0.68,0.598,0.402,0.323
263,스포츠,요가,37.61278160350095,127.0128444535348,evening,outdoor,에너지 넘치는,2234,6,0.671,0.674,0.326,0.319
264,소셜,보드게임,37.56585253879543,126.9012981452161,evening,indoor,활기찬,16337,9,0.636,0.543,0.457,0.284
265,맛집,양식,37.47269318191624,126.96562713030713,evening,indoor,여유로운,27283,4,0.677,0.59,0.41,0.316
266,맛집,양식,37.57398859416053,126.83560127119308,evening,indoor,여유로운,19160,6,0.691,0.641,0.359,0.294
267,스포츠,축구,37.699483228661975,127.11220823034785,morning,outdoor,에너지 넘치는,4024,14,0.667,0.626,0.374,0.295
268,취미활동,그림,37.61143875083966,127.1620312511178,evening,indoor,여유로운,33548,9,0.705,0.663,0.337,0.315
269,소셜,방탈출,37.55940824950858,126.88050014582046,evening,indoor,활기찬,11603,4,0.655,0.56,0.44,0.301
270,문화예술,전시회,37.421704552969246,127.11447306767928,evening,indoor,창의적인,7007,7,0.679,0.594,0.406,0.318
271,소셜,방탈출,37.579828517633125,126.82302874612112,evening,indoor,즐거운,23015,4,0.656,0.545,0.455,0.306
272,취미활동,베이킹,37.53442254547449,126.93847003092245,evening,indoor,여유로운,31161,8,0.681,0.608,0.392,0.311
273,문화예술,갤러리,37.67134217818439,127.00129133815445,afternoon,indoor,창의적인,24950,6,0.664,0.57,0.43,0.313
274,취미활동,베이킹,37.55392082685904,127.12560669420796,evening,indoor,여유로운,30771,5,0.68,0.634,0.366,0.308
275,취미활동,그림,37.50392985469127,126.80769958553957,evening,indoor,여유로운,17854,8,0.671,0.558,0.442,0.313
276,문화예술,공방체험,37.66797084416299,127.15455055384976,afternoon,indoor,감성적인,17928,7,0.701,0.638,0.362,0.303
277,문화예술,공연,37.62365092560584,127.00213281333436,evening,indoor,창의적인,15052,4,0.681,0.607,0.393,0.322
278,취미활동,플라워,37.58260526618105,126.95976066349644,afternoon,indoor,여유로운,22908,5,0.691,0.583,0.417,0.334
279,소셜,당구,37.57717689732158,127.04407143049464,evening,indoor,즐거운,22974,7,0.677,0.64,0.36,0.294
280,스터디,영어회화,37.42172669385821,126.91810425203438,evening,indoor,진지한,1548,4,0.691,0.624,0.376,0.313
281,맛집,양식,37.42466996645318,126.96730563236105,afternoon,indoor,힐링,19685,5,0.707,0.625,0.375,0.317
282,카페,베이커리,37.62372149451236,126.88210866982024,afternoon,indoor,힐링,13461,6,0.667,0.621,0.379,0.313
283,카페,디저트,37.4310729698309,127.13509163944906,afternoon,indoor,감성적인,10829,4,0.67,0.554,0.446,0.308
284,취미활동,쿠킹,37.69699418449676,127.06398651112076,evening,indoor,즐거운,25014,6,0.676,0.611,0.389,0.303
285,문화예술,갤러리,37.64682500442954,127.17242361235488,afternoon,indoor,창의적인,11872,9,0.672,0.607,0.393,0.303
286,카페,디저트,37.51827747064873,127.07083278878044,morning,indoor,감성적인,19937,5,0.648,0.546,0.454,0.311
287,문화예술,갤러리,37.48521813862392,127.1522193369356,evening,indoor,창의적인,10794,9,0.697,0.72,0.28,0.286
288,스터디,독서토론,37.51109605263515,126.80809449305598,evening,indoor,진지한,4191,4,0.695,0.598,0.402,0.338
289,스터디,독서토론,37.40614761406339,126.80672291192846,evening,indoor,진지한,4161,6,0.698,0.677,0.323,0.323
290,소셜,당구,37.52718685383898,126.94421316714066,evening,indoor,즐거운,10781,9,0.671,0.587,0.413,0.328
291,맛집,한식,37.43966345684609,127.08556583363344,afternoon,indoor,힐링,22366,7,0.697,0.64,0.36,0.315
292,카페,디저트,37.68756960039311,127.09388320222948,morning,indoor,감성적인,12523,6,0.664,0.556,0.444,0.31
293,카페,카페투어,37.4148342310038,127.1395010802261,afternoon,indoor,힐링,18145,4,0.682,0.63,0.37,0.317
294,맛집,중식,37.47394337287302,126.8036022657058,evening,indoor,힐링,18443,5,0.697,0.616,0.384,0.326
295,카페,디저트,37.552844821353176,127.09886966821584,afternoon,indoor,감성적인,10350,4,0.688,0.663,0.337,0.285
296,문화예술,갤러리,37.41977866680725,127.01272940432432,afternoon,indoor,창의적인,20331,8,0.714,0.713,0.287,0.317
297,스포츠,사이클링,37.55386478075288,127.08521258255004,evening,outdoor,활기찬,1215,6,0.64,0.538,0.462,0.295
298,소셜,보드게임,37.53274739410041,127.05877868333492,evening,indoor,즐거운,14834,4,0.691,0.698,0.302,0.271
299,문화예술,공연,37.621938911580834,127.08237464708463,evening,indoor,감성적인,18578,9,0.68,0.606,0.394,0.311
300,문화예술,갤러리,37.43796864095203,127.1306567214854,afternoon,indoor,감성적인,13909,6,0.674,0.59,0.41,0.326
301,스터디,독서토론,37.40923493067129,127.0993585424839,evening,indoor,진지한,6070,6,0.69,0.628,0.372,0.325
302,맛집,양식,37.49071508183373,127.11828267403794,afternoon,indoor,여유로운,15079,5,0.693,0.618,0.382,0.328
303,스포츠,요가,37.645855375613024,127.13012062493708,evening,outdoor,에너지 넘치는,1708,14,0.664,0.615,0.385,0.316
304,스포츠,축구,37.52284122256663,127.18122910744886,morning,outdoor,활기찬,2965,12,0.678,0.619,0.381,0.324
305,소셜,방탈출,37.5205696123868,127.03028772213248,evening,indoor,즐거운,19742,7,0.688,0.632,0.368,0.291
306,문화예술,갤러리,37.43144679228223,127.14331653422124,evening,indoor,감성적인,24425,7,0.682,0.624,0.376,0.313
307,카페,디저트,37.42730354206476,126.89241445517882,morning,indoor,여유로운,17051,4,0.68,0.588,0.412,0.327
308,소셜,볼링,37.51755290387985,126.92401616749255,evening,indoor,활기찬,19450,9,0.697,0.646,0.354,0.3
309,카페,브런치,37.45759758506924,126.88995003672228,afternoon,indoor,힐링,14492,7,0.688,0.639,0.361,0.324
310,취미활동,플라워,37.43821161081001,127.1294897144548,afternoon,indoor,즐거운,32887,5,0.689,0.651,0.349,0.311
311,스포츠,등산,37.55893247457704,126.92869481194332,morning,outdoor,활기찬,8956,12,0.661,0.598,0.402,0.293
312,취미활동,베이킹,37.56892828336175,127.03747504773482,evening,indoor,창의적인,24911,8,0.669,0.541,0.459,0.336
313,카페,브런치,37.56432197284074,127.04382741355938,afternoon,indoor,힐링,14739,4,0.693,0.685,0.315,0.307
314,맛집,중식,37.68465375154012,126.93421637687462,evening,indoor,여유로운,38084,6,0.691,0.624,0.376,0.335
315,스터디,코딩,37.6613561139051,127.099327520449,evening,indoor,진지한,6950,4,0.667,0.56,0.44,0.318
316,소셜,볼링,37.47692167790248,127.17219103678546,evening,indoor,즐거운,15843,7,0.676,0.567,0.433,0.305
317,스포츠,등산,37.662288968066655,126.85381019691567,morning,outdoor,활기찬,3576,12,0.693,0.631,0.369,0.317
318,맛집,양식,37.688687462501775,127.06144118101408,evening,indoor,힐링,28130,7,0.698,0.676,0.324,0.296
319,문화예술,공연,37.57373428096268,127.04691643042104,afternoon,indoor,감성적인,11087,5,0.696,0.677,0.323,0.29
320,문화예술,공방체험,37.60808529133487,127.17284094618287,afternoon,indoor,감성적인,20292,6,0.69,0.721,0.279,0.3
321,스포츠,축구,37.6682908679956,126.99007908778276,evening,outdoor,에너지 넘치는,2144,7,0.671,0.613,0.387,0.278
322,취미활동,그림,37.54108654301096,126.98352278170762,afternoon,indoor,창의적인,22848,6,0.689,0.664,0.336,0.309
323,맛집,한식,37.570742471136285,126.95294583916667,evening,indoor,힐링,25802,5,0.677,0.626,0.374,0.299
324,맛집,이자카야,37.56944549418806,126.98820203159693,evening,indoor,여유로운,37051,5,0.688,0.66,0.34,0.311
325,스터디,코딩,37.4417563408274,126.80135513919303,evening,indoor,진지한,1962,4,0.697,0.635,0.365,0.347
326,취미활동,쿠킹,37.53853344673415,126.90256286327548,evening,indoor,창의적인,16471,6,0.699,0.646,0.354,0.318
327,소셜,당구,37.66251035937358,127.04566508104648,evening,indoor,즐거운,24260,9,0.678,0.611,0.389,0.311
328,스포츠,러닝,37.68630378548699,126.8989405487271,evening,outdoor,활기찬,4394,11,0.649,0.578,0.422,0.277
329,맛집,한식,37.65401659711903,126.92342659903557,evening,indoor,힐링,15965,5,0.707,0.66,0.34,0.334
330,맛집,일식,37.45790449562171,127.15309683048284,afternoon,indoor,힐링,39196,7,0.7,0.685,0.315,0.331
331,소셜,당구,37.44000560202608,126.85319943482985,evening,indoor,활기찬,16646,4,0.674,0.607,0.393,0.333
332,스포츠,사이클링,37.42887394734221,127.03568468938104,morning,outdoor,에너지 넘치는,5380,6,0.652,0.512,0.488,0.348
333,맛집,일식,37.62492586360912,126.85450080562256,afternoon,indoor,힐링,21064,5,0.706,0.663,0.337,0.331
334,취미활동,그림,37.45862677599151,126.80446183492472,evening,indoor,여유로운,28575,4,0.679,0.604,0.396,0.324
335,맛집,이자카야,37.69905466635783,126.90713796822357,evening,indoor,힐링,19138,6,0.667,0.583,0.417,0.29
336,스포츠,러닝,37.5902002302248,126.94566112764184,morning,outdoor,에너지 넘치는,7565,7,0.652,0.57,0.43,0.275
337,스포츠,러닝,37.462979549502045,127.11046074564226,morning,outdoor,에너지 넘치는,2247,10,0.663,0.584,0.416,0.294
338,스터디,독서토론,37.583395216115925,126.81779087552128,evening,indoor,진지한,6016,7,0.693,0.667,0.333,0.293
339,스터디,재테크,37.57388326976849,127.15086196014848,evening,indoor,진지한,6941,4,0.669,0.551,0.449,0.337
340,스터디,영어회화,37.47844787111829,127.08905888082442,evening,indoor,진지한,2570,7,0.665,0.516,0.484,0.321
341,스터디,재테크,37.446222719741925,127.05861403951228,evening,indoor,진지한,1461,5,0.73,0.739,0.261,0.309
342,카페,카페투어,37.41351787457592,126.87441362454852,morning,indoor,여유로운,19768,7,0.676,0.633,0.367,0.322
343,스터디,영어회화,37.63858611343917,127.05231189324198,evening,indoor,진지한,4700,4,0.684,0.606,0.394,0.321
344,취미활동,베이킹,37.46744386985306,127.19985425017018,evening,indoor,여유로운,30428,7,0.661,0.544,0.456,0.33
345,카페,브런치,37.481000613434176,127.06717469781924,morning,indoor,여유로운,14425,5,0.685,0.573,0.427,0.3
346,소셜,방탈출,37.55072083804404,127.1667914996074,evening,indoor,즐거운,15411,9,0.633,0.416,0.584,0.314
347,맛집,중식,37.46599733806908,126.8035259333178,afternoon,indoor,힐링,23610,6,0.699,0.593,0.407,0.321
348,스포츠,요가,37.51305679489524,127.08290716746656,morning,outdoor,활기찬,1961,11,0.681,0.606,0.394,0.298
349,소셜,당구,37.62909410975697,126.83878055705068,evening,indoor,활기찬,16162,6,0.686,0.593,0.407,0.324
350,맛집,중식,37.41917339628474,126.86639778427003,evening,indoor,힐링,28484,7,0.725,0.761,0.239,0.3
351,스터디,코딩,37.62725294684555,126.8471915997748,evening,indoor,진지한,6665,5,0.693,0.675,0.325,0.32
352,소셜,볼링,37.59063715388567,126.86236049741598,evening,indoor,즐거운,13025,7,0.655,0.535,0.465,0.299
353,맛집,중식,37.4404161335272,126.96319659338783,evening,indoor,힐링,35415,5,0.699,0.656,0.344,0.318
354,취미활동,그림,37.407689674965326,127.16989899034574,afternoon,indoor,여유로운,25485,9,0.706,0.67,0.33,0.32
355,소셜,보드게임,37.41796238801641,127.184666708873,evening,indoor,활기찬,17600,9,0.683,0.605,0.395,0.313
356,스포츠,사이클링,37.5194629892354,127.10878577373995,evening,outdoor,에너지 넘치는,4016,6,0.698,0.667,0.333,0.314
357,카페,카페투어,37.4386439221289,127.14212578574518,morning,indoor,감성적인,18890,5,0.699,0.638,0.362,0.337
358,소셜,방탈출,37.613585896419664,126.99729739837338,evening,indoor,활기찬,19387,8,0.67,0.587,0.413,0.311
359,스터디,코딩,37.431391342078285,127.10540083388815,evening,indoor,진지한,4086,6,0.662,0.63,0.37,0.289
360,취미활동,베이킹,37.53810116948082,126.8464069548492,evening,indoor,창의적인,23648,4,0.672,0.637,0.363,0.292
361,맛집,일식,37.46151652802565,127.05830382861228,evening,indoor,힐링,26804,5,0.657,0.522,0.478,0.307
362,소셜,보드게임,37.69707969191868,127.09773473712868,evening,indoor,즐거운,14561,6,0.695,0.645,0.355,0.317
363,스터디,재테크,37.521530638114136,127.18479756394672,evening,indoor,진지한,651,5,0.692,0.658,0.342,0.318
364,스터디,코딩,37.5161873521026,127.04008101883704,evening,indoor,진지한,4109,7,0.705,0.673,0.327,0.323
365,카페,디저트,37.59345157880606,126.8937795395232,morning,indoor,힐링,12568,4,0.696,0.631,0.369,0.335
366,취미활동,베이킹,37.65033626446751,126.94431536043147,evening,indoor,창의적인,21054,5,0.679,0.587,0.413,0.308
367,맛집,일식,37.6867492489049,127.12014426146264,afternoon,indoor,여유로운,28454,7,0.693,0.627,0.373,0.314
368,문화예술,공방체험,37.58262749753887,126.96471281099431,evening,indoor,감성적인,13290,8,0.681,0.624,0.376,0.303
369,스터디,코딩,37.45400541351524,126.9734424133638,evening,indoor,진지한,6455,4,0.675,0.591,0.409,0.326
370,소셜,방탈출,37.657713898912,126.83069094877128,evening,indoor,활기찬,10903,7,0.654,0.575,0.425,0.302
371,맛집,양식,37.48247250124467,127.08671908667976,evening,indoor,힐링,23120,7,0.712,0.706,0.294,0.305
372,스터디,재테크,37.46442609974753,127.13378949738504,evening,indoor,진지한,3362,5,0.682,0.65,0.35,0.311
373,카페,디저트,37.476794227652896,126.81280722132776,morning,indoor,감성적인,14208,4,0.683,0.647,0.353,0.307
374,소셜,방탈출,37.67132760269515,126.87924167769644,evening,indoor,활기찬,17211,8,0.673,0.577,0.423,0.322
375,맛집,이자카야,37.59850251821526,126.9244166820228,evening,indoor,여유로운,23487,6,0.666,0.56,0.44,0.307
376,카페,브런치,37.50549432023417,127.16235056883848,morning,indoor,감성적인,13500,5,0.696,0.661,0.339,0.297
377,문화예술,공방체험,37.467023763478885,126.8323387206573,afternoon,indoor,감성적인,22175,6,0.704,0.739,0.261,0.311
378,스터디,독서토론,37.52232207407892,127.13241452530907,evening,indoor,진지한,5288,4,0.675,0.613,0.387,0.305
379,카페,카페투어,37.54561171136137,126.94156233050276,afternoon,indoor,힐링,11658,5,0.676,0.573,0.427,0.32
380,맛집,양식,37.45838577629737,126.95628697690184,evening,indoor,여유로운,21165,7,0.688,0.626,0.374,0.302
381,문화예술,공방체험,37.400800450402784,127.15752341728664,afternoon,indoor,창의적인,11339,9,0.702,0.716,0.284,0.309
382,맛집,양식,37.607784033027535,127.0368760721717,evening,indoor,힐링,23922,5,0.684,0.638,0.362,0.296
383,소셜,당구,37.67182923489314,126.85229060662692,evening,indoor,활기찬,23050,8,0.682,0.649,0.351,0.314
384,취미활동,그림,37.421071191760845,127.07558231606846,afternoon,indoor,창의적인,32408,6,0.689,0.622,0.378,0.349
385,소셜,보드게임,37.47715314080733,127.02563396867544,evening,indoor,즐거운,23762,4,0.702,0.676,0.324,0.312
386,맛집,일식,37.494435687115086,126.82093950672385,afternoon,indoor,힐링,31037,6,0.682,0.682,0.318,0.291
387,취미활동,쿠킹,37.69809063454789,126.8368389711162,evening,indoor,창의적인,32543,4,0.647,0.553,0.447,0.308
388,소셜,볼링,37.66249311758724,127.1696311221177,evening,indoor,활기찬,12902,5,0.671,0.594,0.406,0.334
389,스터디,코딩,37.66861888029304,126.82020809066891,evening,indoor,진지한,5326,4,0.659,0.538,0.462,0.299
390,문화예술,갤러리,37.53809809543335,127.02658664239183,afternoon,indoor,감성적인,14383,9,0.652,0.549,0.451,0.281
391,소셜,볼링,37.54678704725113,126.87637954355016,evening,indoor,즐거운,16235,7,0.659,0.558,0.442,0.299
392,문화예술,공연,37.42825090947417,126.90693181934508,evening,indoor,창의적인,15598,7,0.675,0.612,0.388,0.317
393,카페,브런치,37.57232854490094,127.07825608628758,morning,indoor,여유로운,17123,5,0.711,0.722,0.278,0.312
394,소셜,보드게임,37.49335008943143,126.99614321406608,evening,indoor,활기찬,16094,4,0.67,0.543,0.457,0.334
395,맛집,이자카야,37.44001437099132,127.06184859831882,evening,indoor,힐링,39705,5,0.674,0.58,0.42,0.326
396,취미활동,플라워,37.52668763385075,126.9010244285078,evening,indoor,창의적인,30099,4,0.676,0.59,0.41,0.302
397,문화예술,공연,37.61620036023805,126.81942017088356,afternoon,indoor,창의적인,9428,8,0.688,0.578,0.422,0.364
398,스터디,코딩,37.55278669720398,127.01293909118183,evening,indoor,진지한,2141,7,0.685,0.625,0.375,0.307
399,문화예술,갤러리,37.68906487981726,126.97748610764808,afternoon,indoor,창의적인,5265,6,0.701,0.667,0.333,0.308
400,스포츠,사이클링,37.4650829676222,126.82446870206635,morning,outdoor,활기찬,4418,13,0.651,0.565,0.435,0.279
401,스포츠,요가,37.615532442420665,126.95681181392143,evening,outdoor,활기찬,5600,12,0.656,0.548,0.452,0.302
402,스포츠,요가,37.622498242842894,127.09378735435013,evening,outdoor,에너지 넘치는,2114,8,0.673,0.621,0.379,0.317
403,문화예술,공연,37.647880744958776,127.09253803807412,afternoon,indoor,창의적인,10450,7,0.675,0.61,0.39,0.284
404,취미활동,쿠킹,37.50865362726744,127.0936498174628,afternoon,indoor,창의적인,30786,6,0.688,0.677,0.323,0.293
405,문화예술,공연,37.66932907325576,127.00777720702176,afternoon,indoor,창의적인,22214,6,0.684,0.61,0.39,0.291
406,스터디,재테크,37.57085356080333,127.15064211134823,evening,indoor,진지한,7425,7,0.698,0.654,0.346,0.315
407,스터디,영어회화,37.43444870951641,127.18262158693314,evening,indoor,진지한,2946,4,0.676,0.588,0.412,0.313
408,문화예술,갤러리,37.40544738968213,127.08898452413558,evening,indoor,감성적인,12982,5,0.689,0.627,0.373,0.313
409,취미활동,베이킹,37.523154992108765,127.14645150091692,afternoon,indoor,즐거운,33979,9,0.692,0.67,0.33,0.296
410,취미활동,쿠킹,37.44866887132895,126.92397196369168,afternoon,indoor,여유로운,28763,5,0.699,0.677,0.323,0.31
411,소셜,방탈출,37.43646522821927,126.84656114046628,evening,indoor,활기찬,21572,8,0.693,0.646,0.354,0.324
412,소셜,당구,37.44420582980502,126.86398516698706,evening,indoor,즐거운,22936,4,0.693,0.622,0.378,0.31
413,스터디,재테크,37.58285153673483,126.94713288972838,evening,indoor,진지한,3325,7,0.708,0.67,0.33,0.332
414,소셜,보드게임,37.68291464319129,126.87185353054886,evening,indoor,즐거운,24386,7,0.654,0.526,0.474,0.292
415,소셜,볼링,37.67065828703672,126.80476178753914,evening,indoor,활기찬,14936,9,0.654,0.539,0.461,0.332
416,취미활동,쿠킹,37.467637216021295,126.82595968689267,afternoon,indoor,여유로운,31866,7,0.687,0.618,0.382,0.307
417,맛집,중식,37.57793383349742,126.94892592310973,afternoon,indoor,힐링,21842,4,0.679,0.648,0.352,0.301
418,소셜,방탈출,37.61714083298916,127.16218747685495,evening,indoor,즐거운,18536,5,0.678,0.579,0.421,0.349
419,카페,디저트,37.5606374926878,127.16756110573829,morning,indoor,여유로운,17444,5,0.676,0.613,0.387,0.294
420,문화예술,갤러리,37.46202399372207,127.04865183121728,afternoon,indoor,창의적인,10303,7,0.691,0.658,0.342,0.302
421,스터디,코딩,37.63509149064436,126.920735648099,evening,indoor,진지한,4099,7,0.717,0.667,0.333,0.34
422,스터디,영어회화,37.58193733266307,127.1021355718016,evening,indoor,진지한,7213,6,0.7,0.667,0.333,0.274
423,취미활동,쿠킹,37.47681334591284,126.84795735485795,evening,indoor,여유로운,17830,7,0.69,0.632,0.368,0.31
424,맛집,중식,37.48251633430415,127.13394476722657,afternoon,indoor,여유로운,16422,7,0.682,0.63,0.37,0.313
425,스터디,독서토론,37.52882563605568,126.97651512111996,evening,indoor,진지한,525,5,0.688,0.667,0.333,0.294
426,맛집,중식,37.54807183798069,127.07861882571429,afternoon,indoor,힐링,22417,7,0.698,0.659,0.341,0.31
427,카페,브런치,37.48011828207181,126.97605768261518,afternoon,indoor,감성적인,16096,6,0.668,0.573,0.427,0.354
428,스터디,코딩,37.5675176348986,126.81243784877722,evening,indoor,진지한,3691,7,0.664,0.634,0.366,0.303
429,카페,브런치,37.53874828220373,126.91177696889436,morning,indoor,힐링,18742,7,0.687,0.62,0.38,0.305
430,카페,베이커리,37.456151934478086,127.10932161604576,morning,indoor,여유로운,13511,5,0.667,0.594,0.406,0.307
431,취미활동,베이킹,37.57870419074693,127.18839013194405,afternoon,indoor,창의적인,26593,9,0.658,0.595,0.405,0.311
432,스터디,영어회화,37.50979892248698,127.13167805640636,evening,indoor,진지한,3198,5,0.685,0.64,0.36,0.318
433,카페,베이커리,37.49078668552457,127.04492535393877,morning,indoor,힐링,17267,6,0.674,0.587,0.413,0.319
434,문화예술,갤러리,37.4971552659671,127.0546121237656,evening,indoor,창의적인,15657,8,0.693,0.635,0.365,0.308
435,맛집,양식,37.599306185797815,126.8983353350722,afternoon,indoor,여유로운,25906,6,0.698,0.649,0.351,0.31
436,소셜,당구,37.645023583841805,127.10453986248116,evening,indoor,활기찬,12210,9,0.682,0.617,0.383,0.283
437,문화예술,공방체험,37.40247087247759,127.15188821322408,evening,indoor,창의적인,23945,5,0.663,0.583,0.417,0.298
438,맛집,양식,37.61213618418331,127.0350676205893,afternoon,indoor,힐링,28845,6,0.677,0.615,0.385,0.321
439,맛집,이자카야,37.40335979157671,126.98322677562916,afternoon,indoor,여유로운,31608,4,0.677,0.604,0.396,0.326
440,맛집,양식,37.43492009534911,126.81555832489872,evening,indoor,힐링,31128,5,0.678,0.594,0.406,0.321
441,문화예술,전시회,37.6862775324546,126.85691448744436,afternoon,indoor,창의적인,6358,8,0.705,0.72,0.28,0.288
442,맛집,일식,37.68345063590623,127.111843457017,afternoon,indoor,힐링,26374,4,0.711,0.706,0.294,0.316
443,카페,카페투어,37.63164569944794,127.14424069994412,morning,indoor,여유로운,16844,4,0.656,0.541,0.459,0.284
444,스포츠,축구,37.4941205776534,126.9770356093298,morning,outdoor,활기찬,8369,11,0.68,0.59,0.41,0.317
445,카페,카페투어,37.44208550383639,127.15462564505246,morning,indoor,여유로운,11646,5,0.662,0.558,0.442,0.324
446,맛집,중식,37.453469929673474,127.14367287976444,afternoon,indoor,힐링,24963,7,0.701,0.654,0.346,0.325
447,문화예술,공연,37.615705146353584,127.12031336534956,afternoon,indoor,감성적인,7308,7,0.679,0.636,0.364,0.309
448,취미활동,그림,37.4531933760568,127.14506962813276,afternoon,indoor,여유로운,15087,6,0.659,0.552,0.448,0.317
449,카페,베이커리,37.40566167637718,126.85092770490212,morning,indoor,감성적인,19679,7,0.687,0.639,0.361,0.287
450,취미활동,베이킹,37.63075603699878,126.97154174452264,afternoon,indoor,즐거운,22436,6,0.692,0.624,0.376,0.336
451,소셜,방탈출,37.52590168764718,127.19255084173048,evening,indoor,즐거운,12085,5,0.668,0.628,0.372,0.31
452,취미활동,베이킹,37.6394663544764,126.97322980205784,evening,indoor,창의적인,18815,6,0.659,0.546,0.454,0.316
453,스터디,재테크,37.468340226713856,126.87974005157788,evening,indoor,진지한,3403,4,0.678,0.632,0.368,0.308
454,맛집,중식,37.40556445871732,127.08988171005944,afternoon,indoor,힐링,22833,4,0.679,0.582,0.418,0.321
455,문화예술,공연,37.696967648671965,126.96275162504986,afternoon,indoor,감성적인,8395,8,0.675,0.608,0.392,0.294
456,스터디,독서토론,37.63635941587567,126.90155360438445,evening,indoor,진지한,6109,6,0.688,0.628,0.372,0.316
457,소셜,당구,37.5345839758489,127.153253224931,evening,indoor,즐거운,16788,5,0.661,0.556,0.444,0.283
458,스포츠,사이클링,37.41600469836496,127.1390296119161,evening,outdoor,활기찬,4887,14,0.713,0.701,0.299,0.327
459,소셜,보드게임,37.51959240055891,126.84785217580642,evening,indoor,활기찬,11492,9,0.67,0.569,0.431,0.305
460,스포츠,러닝,37.52477495987981,126.92215259278738,morning,outdoor,활기찬,3757,10,0.648,0.511,0.489,0.305
461,카페,디저트,37.62876053361621,126.9027253924069,morning,indoor,힐링,18313,6,0.691,0.598,0.402,0.307
462,스포츠,요가,37.60211349431626,126.80310385933495,morning,outdoor,에너지 넘치는,1928,9,0.659,0.604,0.396,0.316
463,스포츠,요가,37.539320871896194,127.12699930261029,evening,outdoor,에너지 넘치는,4958,7,0.663,0.589,0.411,0.295
464,문화예술,공연,37.6357401395564,126.91850230132673,afternoon,indoor,감성적인,9477,6,0.666,0.571,0.429,0.29
465,스포츠,사이클링,37.56625810898462,127.08214253454216,morning,outdoor,활기찬,7580,7,0.674,0.626,0.374,0.307
466,스터디,독서토론,37.58656458916712,126.80998836017363,evening,indoor,진지한,3196,7,0.671,0.591,0.409,0.294
467,취미활동,플라워,37.50928722640207,126.89222025962816,evening,indoor,여유로운,26219,4,0.709,0.68,0.32,0.301
468,문화예술,갤러리,37.42435633611513,127.05085535762444,afternoon,indoor,창의적인,18441,4,0.698,0.663,0.337,0.323
469,스터디,코딩,37.478738093420205,127.0580125338208,evening,indoor,진지한,6788,6,0.71,0.636,0.364,0.347
470,맛집,양식,37.46464459483567,127.19942409939404,afternoon,indoor,힐링,32574,7,0.696,0.67,0.33,0.33
471,스터디,영어회화,37.61783182051083,126.9257906543466,evening,indoor,진지한,6631,6,0.668,0.637,0.363,0.304
472,문화예술,공방체험,37.47891545420358,126.82840043180217,evening,indoor,감성적인,22783,5,0.681,0.567,0.433,0.325
473,문화예술,갤러리,37.52027081677374,127.1044442353941,afternoon,indoor,창의적인,23806,4,0.687,0.681,0.319,0.31
474,맛집,이자카야,37.63608704314372,127.0184098373283,evening,indoor,힐링,16333,4,0.679,0.563,0.437,0.357
475,맛집,이자카야,37.492506521189696,127.15379861391754,evening,indoor,여유로운,23522,5,0.704,0.703,0.297,0.309
476,취미활동,플라워,37.43277846697725,127.1795743500006,evening,indoor,창의적인,25055,6,0.681,0.626,0.374,0.311
477,소셜,방탈출,37.67933935267066,126.94458043390982,evening,indoor,즐거운,21100,7,0.684,0.596,0.404,0.292
478,카페,디저트,37.641183059232816,127.1199966690222,morning,indoor,여유로운,14032,6,0.687,0.67,0.33,0.286
479,스터디,재테크,37.464869868317294,126.8277919939534,evening,indoor,진지한,4563,5,0.725,0.677,0.323,0.36
480,취미활동,플라워,37.47573273890839,127.03060631619546,evening,indoor,창의적인,19001,5,0.699,0.667,0.333,0.289
481,문화예술,공연,37.67036720689334,126.85044107839497,evening,indoor,감성적인,22028,7,0.692,0.619,0.381,0.312
482,문화예술,공연,37.56403613744848,127.0974357626085,afternoon,indoor,창의적인,14040,5,0.651,0.568,0.432,0.275
483,맛집,양식,37.53518702753245,126.9695599007988,evening,indoor,여유로운,38626,5,0.686,0.648,0.352,0.311
484,맛집,한식,37.56989348645573,127.0848218134765,afternoon,indoor,여유로운,26595,7,0.69,0.634,0.366,0.32
485,소셜,보드게임,37.56944383432585,127.14437219303149,evening,indoor,즐거운,17355,8,0.676,0.657,0.343,0.305
486,스포츠,러닝,37.47610904899874,127.14790742720557,evening,outdoor,에너지 넘치는,8083,8,0.659,0.58,0.42,0.321
487,스포츠,등산,37.456444078162825,127.15520353840104,evening,outdoor,에너지 넘치는,5205,6,0.668,0.583,0.417,0.324
488,카페,디저트,37.41103333781992,127.16173313901302,afternoon,indoor,여유로운,19479,5,0.681,0.645,0.355,0.289
489,문화예술,공연,37.64330650678767,126.84358865172156,evening,indoor,창의적인,22890,8,0.691,0.667,0.333,0.306
490,카페,브런치,37.59913002083651,126.96568022172184,morning,indoor,여유로운,17844,7,0.667,0.562,0.438,0.314
491,스터디,영어회화,37.66992788461048,126.93446386599403,evening,indoor,진지한,2354,7,0.69,0.653,0.347,0.311
492,문화예술,갤러리,37.5544939431945,126.85229389578312,afternoon,indoor,창의적인,18124,4,0.684,0.62,0.38,0.319
493,카페,디저트,37.64169107758248,126.95101816919822,morning,indoor,여유로운,13514,5,0.676,0.659,0.341,0.291
494,소셜,볼링,37.426320178178806,127.13536509246696,evening,indoor,활기찬,13584,8,0.664,0.577,0.423,0.303
495,취미활동,그림,37.5086685091816,126.88698483343656,afternoon,indoor,여유로운,15749,5,0.703,0.646,0.354,0.309
496,소셜,볼링,37.56553378511771,126.90962168297182,evening,indoor,활기찬,21867,5,0.666,0.528,0.472,0.321
497,소셜,방탈출,37.42141010416681,127.10422324620797,evening,indoor,활기찬,16961,7,0.689,0.635,0.365,0.312
498,맛집,중식,37.42327867459285,126.85803577865563,evening,indoor,여유로운,15562,4,0.691,0.636,0.364,0.32
499,문화예술,전시회,37.58708778418918,126.99267993520492,afternoon,indoor,감성적인,24723,9,0.692,0.657,0.343,0.31
500,소셜,볼링,37.66597598031811,126.80967121750166,evening,indoor,즐거운,15286,7,0.67,0.591,0.409,0.309
