user_id,meeting_id,rating,search_vibe
1,269,3.5,활기찬
1,74,4.3,활기찬
1,290,5.0,즐거운
1,156,3.9,창의적인
1,105,4.1,여유로운
1,281,3.6,힐링
2,454,4.3,힐링
2,452,3.5,창의적인
2,150,4.4,진지한
2,153,1.8,활기찬
3,52,3.0,여유로운
3,400,4.9,활기찬
3,388,5.0,활기찬
3,80,3.1,힐링
4,401,4.9,활기찬
4,189,1.9,감성적인
4,138,4.0,활기찬
4,108,1.3,즐거운
4,109,4.2,진지한
4,101,4.5,여유로운
5,480,3.5,창의적인
5,477,5.0,즐거운
5,307,2.8,여유로운
5,163,3.0,즐거운
5,383,4.2,활기찬
5,40,2.3,여유로운
6,300,3.1,진지한
6,1,3.6,창의적인
6,91,4.9,힐링
6,357,2.7,감성적인
6,207,2.9,활기찬
7,493,4.4,여유로운
7,323,3.0,힐링
7,362,3.4,즐거운
7,170,5.0,활기찬
7,287,2.0,창의적인
8,34,3.8,즐거운
8,80,4.6,에너지 넘치는
8,423,4.0,여유로운
8,415,4.0,활기찬
8,450,4.4,즐거운
9,246,1.4,감성적인
9,64,4.2,진지한
9,130,3.3,힐링
9,127,3.5,진지한
9,231,2.5,즐거운
10,34,1.8,즐거운
10,203,3.0,건강한
10,281,2.9,힐링
11,422,4.6,진지한
11,69,3.7,창의적인
11,296,4.2,창의적인
11,9,2.2,여유로운
11,29,5.0,감성적인
11,33,3.7,즐거운
11,141,5.0,배움
12,236,4.3,힐링
12,269,4.5,활기찬
12,92,4.7,여유로운
12,317,2.3,활기찬
12,434,4.9,진지한
12,339,2.9,진지한
12,131,1.2,힐링
13,233,2.3,창의적인
13,318,4.0,힐링
13,421,4.0,진지한
14,356,1.3,에너지 넘치는
14,19,3.3,감성적인
14,53,3.6,건강한
14,107,4.3,여유로운
14,293,4.2,힐링
14,102,4.1,여유로운
15,6,3.3,감성적인
15,191,2.8,여유로운
15,332,1.5,에너지 넘치는
15,251,3.0,즐거운
15,315,3.4,진지한
16,417,2.9,힐링
16,241,5.0,에너지 넘치는
16,390,4.3,감성적인
16,472,4.3,감성적인
17,156,4.4,창의적인
17,226,1.5,활기찬
17,486,4.6,에너지 넘치는
17,491,3.7,진지한
17,348,3.5,활기찬
17,134,3.7,힐링
18,144,5.0,진지한
18,23,4.2,즐거운
18,286,2.2,감성적인
19,360,3.5,창의적인
19,17,3.1,감성적인
19,386,1.1,힐링
19,259,4.2,힐링
19,32,4.5,여유로운
20,347,2.3,힐링
20,315,4.6,진지한
20,87,3.4,힐링
20,50,4.1,즐거운
20,24,2.0,진지한
21,274,3.4,힐링
21,121,2.7,즐거운
21,95,5.0,진지한
21,390,4.1,감성적인
21,435,2.9,여유로운
22,70,3.2,활기찬
22,328,4.8,활기찬
22,155,3.3,활기찬
22,323,3.5,힐링
22,220,4.5,즐거운
23,421,1.6,진지한
23,28,3.5,건강한
23,261,1.9,즐거운
23,294,2.8,힐링
24,169,3.7,활기찬
24,23,3.4,즐거운
24,66,3.2,창의적인
25,389,4.0,진지한
25,3,4.5,진지한
25,59,5.0,힐링
25,222,2.0,활기찬
25,430,4.4,진지한
26,466,3.4,진지한
26,370,3.4,활기찬
26,463,3.7,에너지 넘치는
26,93,4.2,즐거운
26,72,2.5,여유로운
26,327,5.0,감성적인
27,198,3.9,배움
27,19,5.0,감성적인
27,345,3.3,여유로운
28,70,4.2,활기찬
28,169,4.1,활기찬
28,219,5.0,여유로운
28,490,3.0,여유로운
29,355,2.8,즐거운
29,150,2.8,감성적인
29,384,4.6,창의적인
30,186,3.1,활기찬
30,452,2.3,창의적인
30,293,3.2,힐링
31,253,5.0,즐거운
31,57,3.5,활기찬
31,164,3.2,감성적인
31,265,2.6,여유로운
31,294,3.3,힐링
31,388,2.7,감성적인
32,188,2.7,활기찬
32,300,4.7,감성적인
32,14,3.9,창의적인
32,59,2.7,힐링
32,487,4.4,에너지 넘치는
32,299,2.8,감성적인
33,11,1.5,즐거운
33,444,1.0,활기찬
33,61,3.0,여유로운
33,264,5.0,활기찬
33,281,3.0,힐링
34,212,3.4,즐거운
34,115,3.3,즐거운
34,207,3.7,활기찬
34,95,5.0,진지한
35,228,1.9,즐거운
35,20,3.1,건강한
35,433,2.9,힐링
36,364,3.3,진지한
36,255,4.0,힐링
36,397,2.5,창의적인
36,167,2.5,배움
36,412,3.6,여유로운
36,495,4.4,여유로운
37,248,4.5,진지한
37,364,4.9,진지한
37,82,2.6,에너지 넘치는
37,277,2.1,감성적인
38,469,2.9,진지한
38,431,3.7,창의적인
38,422,2.2,진지한
38,283,2.9,감성적인
38,159,3.5,여유로운
38,25,2.3,창의적인
38,118,4.9,진지한
39,181,5.0,활기찬
39,189,4.3,진지한
39,261,2.7,즐거운
40,27,4.6,힐링
40,239,3.9,힐링
40,222,3.6,진지한
40,469,4.2,진지한
41,464,3.8,감성적인
41,229,3.7,감성적인
41,340,3.3,진지한
41,170,1.1,활기찬
41,225,4.4,에너지 넘치는
41,60,5.0,여유로운
41,274,4.8,여유로운
42,263,3.5,에너지 넘치는
42,250,2.0,에너지 넘치는
42,79,3.9,활기찬
42,38,3.9,즐거운
43,30,3.9,여유로운
43,441,2.2,창의적인
43,451,2.9,즐거운
43,499,4.0,감성적인
43,208,3.8,활기찬
43,374,3.0,활기찬
43,479,3.7,진지한
44,453,3.4,진지한
44,1,3.8,창의적인
44,368,3.1,감성적인
44,101,3.7,여유로운
45,343,5.0,진지한
45,204,1.5,활기찬
45,150,3.5,진지한
45,156,4.1,창의적인
45,302,2.8,여유로운
45,357,4.1,여유로운
46,216,2.5,감성적인
46,478,4.0,감성적인
46,404,2.7,창의적인
46,364,4.4,진지한
46,39,3.8,즐거운
47,81,5.0,여유로운
47,87,3.5,힐링
47,138,5.0,진지한
47,481,4.0,건강한
47,434,3.0,창의적인
48,147,4.6,힐링
48,119,3.3,진지한
48,158,3.4,에너지 넘치는
48,50,4.0,즐거운
48,482,4.7,창의적인
49,238,3.2,활기찬
49,52,2.6,여유로운
49,29,1.0,감성적인
50,151,2.6,감성적인
50,197,3.2,여유로운
50,180,3.6,감성적인
50,54,3.5,힐링
51,369,4.4,진지한
51,227,3.3,여유로운
51,345,3.1,여유로운
52,37,2.6,창의적인
52,494,3.8,활기찬
52,260,1.6,여유로운
52,424,3.2,여유로운
53,236,3.4,배움
53,177,3.3,여유로운
53,63,4.7,창의적인
53,389,3.5,진지한
53,401,3.8,활기찬
53,358,4.5,활기찬
54,210,3.7,힐링
54,434,3.7,활기찬
54,411,3.1,활기찬
54,323,3.8,힐링
54,327,3.9,여유로운
54,82,2.1,에너지 넘치는
55,272,5.0,여유로운
55,24,4.0,여유로운
55,54,3.0,힐링
55,374,2.9,활기찬
55,488,3.1,건강한
55,202,2.0,여유로운
56,270,3.9,배움
56,438,3.2,힐링
56,404,3.9,건강한
56,58,3.3,창의적인
56,121,3.5,즐거운
56,196,2.7,활기찬
57,327,2.9,즐거운
57,190,2.1,활기찬
57,73,4.9,감성적인
57,360,2.5,창의적인
57,146,4.0,활기찬
58,307,3.8,여유로운
58,398,2.8,진지한
58,351,2.9,진지한
58,260,4.6,즐거운
58,29,5.0,감성적인
59,375,5.0,여유로운
59,114,3.6,진지한
59,169,2.8,활기찬
60,295,3.6,감성적인
60,331,2.2,활기찬
60,310,2.1,즐거운
60,57,5.0,활기찬
60,280,2.1,진지한
60,164,1.9,감성적인
60,204,3.2,활기찬
61,479,4.9,진지한
61,235,4.8,진지한
61,400,2.2,건강한
61,46,3.8,즐거운
61,268,2.9,여유로운
61,416,3.6,건강한
62,481,4.6,감성적인
62,431,4.3,창의적인
62,219,3.4,여유로운
62,387,2.0,창의적인
63,458,4.2,활기찬
63,229,2.9,감성적인
63,253,2.6,즐거운
63,194,1.2,즐거운
63,68,4.7,진지한
64,52,4.2,여유로운
64,300,3.5,감성적인
64,109,2.8,진지한
64,203,4.7,배움
64,460,3.6,진지한
64,27,3.2,힐링
65,107,3.7,여유로운
65,215,3.2,여유로운
65,3,2.5,진지한
65,417,5.0,힐링
66,22,2.4,여유로운
66,412,4.2,즐거운
66,289,4.2,진지한
67,244,5.0,감성적인
67,488,3.5,여유로운
67,226,4.0,진지한
68,306,3.8,감성적인
68,418,2.8,배움
68,201,2.8,여유로운
69,181,4.0,건강한
69,324,3.1,진지한
69,53,5.0,여유로운
69,140,1.2,힐링
70,275,3.8,여유로운
70,57,3.6,감성적인
70,457,1.8,즐거운
71,71,4.2,감성적인
71,46,5.0,즐거운
71,97,4.4,즐거운
71,88,2.6,즐거운
71,269,3.3,감성적인
72,207,3.2,활기찬
72,39,2.3,즐거운
72,292,5.0,감성적인
72,401,3.1,활기찬
72,171,5.0,진지한
72,196,3.9,건강한
73,125,4.2,창의적인
73,273,3.0,즐거운
73,185,5.0,창의적인
74,426,2.7,힐링
74,241,2.7,에너지 넘치는
74,208,3.3,활기찬
74,469,4.8,진지한
75,162,3.9,창의적인
75,188,4.7,활기찬
75,433,2.1,힐링
76,452,4.0,즐거운
76,217,2.2,진지한
76,145,3.1,활기찬
76,350,3.8,힐링
77,249,2.5,여유로운
77,208,1.9,활기찬
77,328,3.4,배움
77,109,4.1,진지한
77,50,1.9,여유로운
77,164,3.5,감성적인
77,402,3.8,에너지 넘치는
78,379,2.5,힐링
78,233,2.9,창의적인
78,306,2.6,감성적인
78,51,4.9,창의적인
78,419,4.3,여유로운
79,16,2.8,창의적인
79,343,3.0,진지한
79,10,5.0,창의적인
79,268,4.3,여유로운
79,242,3.0,감성적인
79,215,3.4,여유로운
80,495,3.4,활기찬
80,86,1.3,힐링
80,296,2.8,창의적인
80,34,3.8,감성적인
80,357,3.0,즐거운
80,257,4.5,에너지 넘치는
80,471,1.9,진지한
81,158,4.2,에너지 넘치는
81,458,2.2,활기찬
81,302,4.5,여유로운
81,255,1.9,힐링
81,354,4.1,여유로운
81,295,2.9,감성적인
82,387,3.7,창의적인
82,84,2.3,감성적인
82,373,4.3,감성적인
82,37,3.2,창의적인
82,128,3.7,창의적인
82,102,3.3,여유로운
83,179,2.9,즐거운
83,404,4.8,창의적인
83,422,4.3,진지한
83,240,4.1,활기찬
83,158,1.8,에너지 넘치는
84,301,2.9,진지한
84,330,4.2,힐링
84,155,2.7,활기찬
85,170,4.1,건강한
85,462,3.4,에너지 넘치는
85,292,4.7,감성적인
85,116,4.1,활기찬
85,125,1.6,창의적인
85,404,2.9,창의적인
86,223,2.0,즐거운
86,278,2.9,즐거운
86,97,4.1,즐거운
87,150,4.0,진지한
87,492,3.9,창의적인
87,209,3.6,활기찬
88,27,4.1,힐링
88,127,3.7,감성적인
88,113,2.3,진지한
88,157,3.7,진지한
88,488,3.7,여유로운
88,471,3.2,진지한
89,441,5.0,진지한
89,489,4.9,창의적인
89,457,2.9,즐거운
89,488,3.7,여유로운
89,418,3.6,즐거운
90,330,3.8,힐링
90,448,3.3,여유로운
90,202,3.0,진지한
90,158,3.3,에너지 넘치는
91,464,4.6,감성적인
91,40,3.4,여유로운
91,207,3.3,활기찬
91,71,2.5,감성적인
92,182,3.4,진지한
92,355,4.3,활기찬
92,157,5.0,진지한
92,196,2.6,즐거운
93,465,3.7,활기찬
93,391,3.2,힐링
93,147,3.3,여유로운
93,410,2.8,여유로운
93,483,4.3,즐거운
93,155,4.5,활기찬
93,57,5.0,활기찬
94,166,5.0,활기찬
94,78,1.7,진지한
94,96,4.4,활기찬
94,209,4.8,활기찬
95,15,2.5,활기찬
95,308,3.6,활기찬
95,120,3.7,여유로운
95,206,3.0,즐거운
95,154,3.1,여유로운
95,151,5.0,감성적인
96,53,2.5,창의적인
96,278,2.8,여유로운
96,345,1.3,여유로운
96,113,3.1,진지한
96,372,2.4,감성적인
96,272,2.6,여유로운
97,150,4.2,진지한
97,302,3.4,여유로운
97,143,2.7,여유로운
97,459,3.7,활기찬
97,255,2.7,힐링
98,49,3.2,배움
98,108,3.2,즐거운
98,480,4.7,창의적인
98,317,3.7,활기찬
98,421,4.2,진지한
99,146,3.0,활기찬
99,448,5.0,여유로운
99,305,3.9,즐거운
99,25,4.9,활기찬
99,201,1.0,여유로운
99,384,4.5,창의적인
99,375,4.0,여유로운
100,276,2.3,감성적인
100,11,4.6,즐거운
100,226,5.0,활기찬
100,266,4.2,여유로운
100,282,2.7,힐링
101,90,4.1,즐거운
101,494,3.3,활기찬
101,384,2.4,창의적인
101,65,2.9,여유로운
102,362,5.0,즐거운
102,294,3.0,여유로운
102,344,5.0,여유로운
102,61,4.3,여유로운
102,55,3.6,활기찬
103,59,2.1,힐링
103,277,2.2,창의적인
103,133,3.4,진지한
103,119,3.0,진지한
103,116,2.5,활기찬
103,377,3.1,감성적인
104,227,4.2,여유로운
104,220,4.9,즐거운
104,393,4.6,건강한
104,330,4.5,힐링
105,183,3.0,즐거운
105,130,3.1,여유로운
105,469,3.2,진지한
105,483,2.8,여유로운
105,353,4.9,힐링
105,202,4.4,여유로운
105,141,3.6,활기찬
106,255,4.5,여유로운
106,223,2.8,즐거운
106,26,4.3,배움
106,314,2.6,여유로운
107,152,2.2,에너지 넘치는
107,140,4.7,힐링
107,153,2.9,활기찬
107,227,4.7,여유로운
108,376,5.0,감성적인
108,85,2.8,에너지 넘치는
108,408,5.0,여유로운
108,356,1.9,힐링
108,363,4.4,진지한
108,336,4.0,에너지 넘치는
108,280,2.7,진지한
109,498,3.1,여유로운
109,454,4.4,힐링
109,173,4.3,창의적인
110,246,3.4,감성적인
110,459,4.6,활기찬
110,296,5.0,감성적인
110,45,2.2,창의적인
110,310,3.6,즐거운
111,50,5.0,배움
111,4,4.2,여유로운
111,28,2.1,힐링
112,312,2.9,창의적인
112,391,2.5,즐거운
112,304,4.6,활기찬
112,354,4.2,여유로운
112,469,3.5,진지한
112,216,2.8,감성적인
113,180,2.9,감성적인
113,274,3.0,여유로운
113,51,2.2,창의적인
113,31,3.2,활기찬
114,13,2.5,여유로운
114,360,5.0,창의적인
114,88,1.9,즐거운
114,105,3.6,여유로운
114,176,3.0,힐링
114,156,4.2,창의적인
114,322,3.2,창의적인
115,60,2.9,여유로운
115,342,5.0,여유로운
115,231,4.6,즐거운
116,475,3.5,여유로운
116,225,4.5,에너지 넘치는
116,123,4.3,진지한
116,168,4.6,여유로운
116,420,4.9,창의적인
116,425,2.3,힐링
116,248,5.0,힐링
117,163,4.2,활기찬
117,246,2.3,감성적인
117,179,2.5,즐거운
117,494,2.5,활기찬
117,388,1.7,활기찬
117,150,2.4,즐거운
117,475,4.5,여유로운
118,212,2.8,즐거운
118,370,4.5,활기찬
118,482,3.2,진지한
118,290,3.6,즐거운
118,478,2.8,여유로운
118,408,1.8,즐거운
119,147,3.0,즐거운
119,224,3.2,감성적인
119,225,4.6,에너지 넘치는
119,375,4.9,여유로운
119,374,3.1,활기찬
119,42,4.2,에너지 넘치는
119,286,2.6,감성적인
120,76,3.7,감성적인
120,484,2.8,여유로운
120,133,4.2,활기찬
120,447,3.0,감성적인
120,56,5.0,창의적인
121,325,3.3,진지한
121,369,2.3,진지한
121,401,1.0,감성적인
121,191,3.7,여유로운
121,333,5.0,힐링
121,172,3.1,창의적인
121,343,4.5,진지한
122,4,3.7,여유로운
122,232,4.0,여유로운
122,279,4.0,진지한
122,210,4.5,힐링
123,215,3.5,여유로운
123,352,3.1,즐거운
123,258,2.6,감성적인
123,399,3.9,창의적인
123,379,3.0,힐링
123,319,3.9,힐링
123,227,1.6,여유로운
124,411,3.8,활기찬
124,59,4.8,힐링
124,46,5.0,즐거운
124,149,5.0,감성적인
124,110,1.7,힐링
125,277,5.0,힐링
125,23,2.5,즐거운
125,445,2.9,여유로운
126,366,2.8,창의적인
126,391,3.4,즐거운
126,296,4.6,창의적인
126,66,5.0,창의적인
126,450,2.9,즐거운
127,244,4.4,진지한
127,196,3.4,건강한
127,405,2.6,창의적인
127,161,3.4,여유로운
128,495,4.2,여유로운
128,402,3.0,에너지 넘치는
128,305,3.3,즐거운
128,216,5.0,감성적인
128,160,5.0,창의적인
129,367,2.7,여유로운
129,335,5.0,힐링
129,350,4.3,진지한
130,69,3.0,창의적인
130,164,4.1,진지한
130,102,2.8,여유로운
130,299,3.8,감성적인
130,323,4.0,힐링
130,403,4.6,창의적인
130,328,3.1,활기찬
131,365,2.4,힐링
131,73,4.6,감성적인
131,475,2.1,여유로운
131,1,3.1,창의적인
131,145,3.6,활기찬
131,234,3.7,창의적인
131,368,2.9,힐링
132,166,2.7,활기찬
132,2,4.4,진지한
132,156,3.1,창의적인
132,142,2.9,건강한
132,493,3.9,여유로운
132,180,4.5,감성적인
133,239,4.0,힐링
133,144,4.5,진지한
133,66,2.9,진지한
133,361,2.6,감성적인
133,474,1.4,힐링
133,473,3.7,창의적인
133,163,3.3,진지한
134,303,3.6,에너지 넘치는
134,384,2.4,창의적인
134,92,3.8,여유로운
134,204,3.0,활기찬
134,268,2.5,여유로운
134,117,4.0,활기찬
135,100,4.3,활기찬
135,395,2.6,힐링
135,429,3.3,힐링
135,58,3.1,즐거운
135,202,2.8,여유로운
135,157,3.6,진지한
135,491,3.9,진지한
136,69,4.2,창의적인
136,259,3.3,배움
136,177,2.3,즐거운
136,263,4.9,에너지 넘치는
136,451,3.5,건강한
136,393,1.3,여유로운
136,358,4.2,활기찬
137,148,2.5,배움
137,296,5.0,창의적인
137,321,2.3,에너지 넘치는
138,446,4.9,여유로운
138,276,4.3,감성적인
138,346,2.4,즐거운
138,393,4.4,여유로운
138,428,5.0,진지한
139,297,3.3,활기찬
139,251,3.2,즐거운
139,44,3.6,여유로운
139,69,4.5,창의적인
139,57,3.3,여유로운
139,358,1.0,활기찬
140,422,2.9,진지한
140,321,3.2,에너지 넘치는
140,42,2.8,에너지 넘치는
140,252,1.8,감성적인
140,129,3.4,힐링
140,56,2.4,창의적인
140,215,5.0,즐거운
141,134,4.6,힐링
141,291,2.4,감성적인
141,237,3.0,에너지 넘치는
141,20,3.7,진지한
142,259,4.1,창의적인
142,60,5.0,여유로운
142,18,4.1,창의적인
142,220,2.5,즐거운
143,429,4.3,힐링
143,377,4.9,감성적인
143,260,1.9,여유로운
143,184,2.9,즐거운
143,326,3.3,배움
143,12,2.5,여유로운
144,491,5.0,진지한
144,73,4.3,감성적인
144,273,5.0,창의적인
144,97,4.5,즐거운
144,337,3.7,에너지 넘치는
144,251,2.9,즐거운
145,424,3.3,여유로운
145,467,5.0,즐거운
145,46,3.7,즐거운
146,100,4.7,활기찬
146,195,3.3,활기찬
146,43,3.8,감성적인
146,260,1.6,여유로운
147,320,4.6,감성적인
147,264,1.0,활기찬
147,462,3.2,활기찬
148,80,4.6,에너지 넘치는
148,477,3.7,즐거운
148,369,4.1,진지한
148,91,1.8,힐링
148,69,1.9,활기찬
148,447,3.2,감성적인
148,384,2.1,창의적인
149,120,1.0,여유로운
149,186,4.0,활기찬
149,113,4.5,활기찬
150,414,2.5,즐거운
150,268,3.6,여유로운
150,242,3.4,감성적인
150,471,4.7,진지한
151,340,2.4,즐거운
151,439,3.1,여유로운
151,449,1.4,감성적인
151,419,3.0,여유로운
151,312,4.7,즐거운
152,46,2.9,즐거운
152,41,3.9,즐거운
152,446,4.0,힐링
153,167,4.3,즐거운
153,122,3.6,힐링
153,153,4.7,활기찬
153,427,4.8,감성적인
154,275,1.9,여유로운
154,220,4.9,즐거운
154,155,3.2,활기찬
155,35,3.9,여유로운
155,143,4.7,여유로운
155,379,4.0,힐링
156,342,5.0,여유로운
156,21,3.2,진지한
156,41,3.4,즐거운
156,443,4.6,여유로운
156,189,3.6,감성적인
156,61,3.1,여유로운
157,152,4.6,에너지 넘치는
157,490,4.8,여유로운
157,48,3.3,여유로운
157,147,3.0,힐링
157,391,3.1,즐거운
157,454,1.7,힐링
158,10,3.0,창의적인
158,93,2.7,건강한
158,70,4.0,활기찬
159,204,4.1,활기찬
159,67,2.6,즐거운
159,61,2.9,여유로운
159,403,4.1,창의적인
159,239,3.8,활기찬
160,187,3.0,힐링
160,382,3.6,힐링
160,288,5.0,진지한
160,110,4.0,감성적인
160,400,4.5,활기찬
161,325,2.5,감성적인
161,378,2.7,진지한
161,361,2.6,힐링
161,432,4.0,진지한
161,402,3.5,에너지 넘치는
161,66,4.0,창의적인
162,213,3.7,즐거운
162,127,4.0,감성적인
162,241,3.8,에너지 넘치는
162,212,4.5,즐거운
163,296,3.9,창의적인
163,261,3.1,즐거운
163,484,1.7,여유로운
164,359,2.4,감성적인
164,214,3.2,진지한
164,372,2.7,진지한
164,114,3.3,진지한
164,394,3.7,활기찬
164,34,4.2,즐거운
165,473,2.9,창의적인
165,129,4.7,힐링
165,452,3.1,진지한
166,363,2.5,진지한
166,147,4.2,힐링
166,219,2.6,여유로운
166,103,4.5,배움
166,270,2.7,창의적인
166,278,4.8,여유로운
166,322,3.1,창의적인
167,422,4.5,진지한
167,443,4.2,여유로운
167,27,3.5,힐링
167,278,2.6,여유로운
167,6,4.0,감성적인
167,390,2.8,활기찬
168,230,1.9,힐링
168,466,4.5,진지한
168,440,2.4,힐링
168,62,1.9,창의적인
168,410,3.0,여유로운
168,248,4.1,여유로운
168,402,3.1,에너지 넘치는
169,16,4.3,창의적인
169,194,3.4,진지한
169,421,3.3,진지한
169,131,3.0,여유로운
169,222,1.6,활기찬
170,446,3.2,활기찬
170,486,2.3,에너지 넘치는
170,196,4.3,활기찬
170,98,2.5,감성적인
171,321,3.4,에너지 넘치는
171,254,4.0,진지한
171,179,2.6,진지한
171,285,4.0,창의적인
172,295,4.4,감성적인
172,464,2.6,힐링
172,164,2.1,감성적인
172,300,5.0,감성적인
172,181,1.1,활기찬
172,500,4.6,즐거운
172,456,3.9,진지한
173,485,3.0,즐거운
173,218,2.2,여유로운
173,258,3.4,에너지 넘치는
173,322,3.8,창의적인
173,98,4.3,활기찬
173,256,3.1,활기찬
173,481,2.9,즐거운
174,128,2.4,창의적인
174,201,3.3,여유로운
174,200,3.9,진지한
174,412,2.6,감성적인
174,116,2.1,활기찬
175,64,2.1,즐거운
175,16,4.5,창의적인
175,321,2.1,에너지 넘치는
176,396,2.5,창의적인
176,469,3.5,힐링
176,458,3.4,활기찬
176,121,4.4,즐거운
176,161,3.9,여유로운
177,494,4.2,활기찬
177,395,3.2,힐링
177,152,3.8,에너지 넘치는
177,413,4.0,건강한
177,342,3.0,여유로운
177,455,2.8,감성적인
178,311,4.2,활기찬
178,121,4.8,즐거운
178,31,1.5,활기찬
178,186,3.2,활기찬
178,435,4.1,여유로운
179,398,5.0,진지한
179,41,4.2,즐거운
179,145,3.2,활기찬
180,38,3.9,진지한
180,180,4.4,감성적인
180,116,3.6,활기찬
180,92,3.9,여유로운
180,284,3.7,즐거운
181,52,3.7,여유로운
181,38,4.6,진지한
181,277,5.0,즐거운
181,354,5.0,여유로운
182,222,3.0,활기찬
182,85,3.8,에너지 넘치는
182,450,3.1,즐거운
182,66,2.6,창의적인
182,77,2.8,진지한
183,472,3.7,감성적인
183,126,1.4,즐거운
183,434,4.2,창의적인
183,347,3.9,힐링
183,490,5.0,힐링
183,163,3.8,즐거운
183,91,1.8,진지한
184,70,3.2,활기찬
184,327,2.5,즐거운
184,100,3.0,활기찬
184,293,2.5,힐링
184,299,5.0,감성적인
185,241,3.1,에너지 넘치는
185,289,4.6,진지한
185,80,3.2,에너지 넘치는
185,128,3.8,힐링
186,431,2.9,창의적인
186,192,2.9,감성적인
186,311,4.4,활기찬
186,86,3.9,힐링
186,141,3.4,활기찬
186,196,3.0,활기찬
186,356,1.9,힐링
187,348,5.0,활기찬
187,330,4.1,힐링
187,428,3.4,활기찬
188,38,4.7,진지한
188,387,2.0,창의적인
188,27,3.8,힐링
188,17,3.0,감성적인
188,60,2.8,여유로운
188,180,3.3,감성적인
189,365,5.0,즐거운
189,438,3.3,배움
189,191,2.1,여유로운
189,330,2.6,감성적인
189,364,2.8,진지한
190,42,2.5,에너지 넘치는
190,231,4.1,즐거운
190,110,4.6,감성적인
191,362,4.3,즐거운
191,325,3.4,배움
191,428,4.0,진지한
192,407,2.7,진지한
192,265,3.4,여유로운
192,363,3.5,여유로운
193,18,4.2,창의적인
193,94,3.3,건강한
193,258,2.7,에너지 넘치는
193,127,3.2,감성적인
193,284,3.8,즐거운
193,418,4.5,즐거운
194,94,2.8,여유로운
194,15,3.1,활기찬
194,67,3.4,진지한
194,367,4.1,여유로운
194,460,2.8,활기찬
195,434,3.6,여유로운
195,406,4.2,진지한
195,228,3.2,즐거운
195,496,3.9,활기찬
195,257,4.3,에너지 넘치는
195,327,3.2,즐거운
195,279,5.0,즐거운
196,126,3.3,즐거운
196,331,3.3,활기찬
196,322,4.7,창의적인
196,304,2.4,활기찬
197,6,3.4,감성적인
197,273,3.9,창의적인
197,86,2.4,힐링
197,32,4.0,여유로운
198,403,4.1,창의적인
198,442,2.9,힐링
198,181,3.9,활기찬
198,117,5.0,활기찬
199,165,3.4,활기찬
199,284,2.4,즐거운
199,186,3.7,활기찬
200,493,4.9,여유로운
200,66,1.8,창의적인
200,339,2.6,진지한
200,407,4.2,감성적인
200,179,5.0,즐거운
201,24,2.6,진지한
201,265,4.3,여유로운
201,114,2.0,진지한
201,464,2.1,활기찬
201,291,3.8,힐링
201,180,1.0,즐거운
201,279,3.4,즐거운
202,99,4.9,여유로운
202,226,2.6,활기찬
202,92,5.0,여유로운
202,40,2.6,여유로운
203,428,1.0,여유로운
203,405,5.0,창의적인
203,312,2.9,창의적인
204,161,1.0,여유로운
204,110,4.4,감성적인
204,66,3.1,창의적인
204,469,5.0,진지한
204,422,4.3,배움
204,494,3.9,활기찬
204,426,2.8,힐링
205,343,3.9,진지한
205,150,3.4,배움
205,264,2.8,활기찬
205,168,4.4,여유로운
205,430,2.5,여유로운
206,79,2.6,활기찬
206,377,4.7,감성적인
206,415,3.4,활기찬
206,349,5.0,활기찬
207,406,3.5,진지한
207,128,2.5,창의적인
207,412,4.7,즐거운
207,253,3.3,즐거운
207,52,5.0,여유로운
208,39,4.2,즐거운
208,439,3.3,여유로운
208,127,3.3,활기찬
209,120,2.9,여유로운
209,450,3.4,배움
209,328,2.0,활기찬
209,253,2.4,즐거운
209,14,5.0,창의적인
209,345,3.7,여유로운
209,428,3.1,진지한
210,152,2.6,에너지 넘치는
210,313,1.8,힐링
210,446,4.0,힐링
210,362,2.7,배움
210,335,3.6,힐링
210,383,3.7,활기찬
210,276,1.0,감성적인
211,291,3.2,힐링
211,455,3.8,감성적인
211,325,2.3,진지한
212,321,3.0,에너지 넘치는
212,482,4.4,창의적인
212,355,3.5,활기찬
212,254,4.6,진지한
213,414,3.4,즐거운
213,90,4.3,진지한
213,163,3.1,즐거운
213,343,3.0,진지한
214,375,3.3,활기찬
214,192,2.4,여유로운
214,111,4.1,에너지 넘치는
214,466,3.9,진지한
214,55,3.4,활기찬
214,89,3.3,진지한
214,402,3.4,진지한
215,312,4.0,힐링
215,170,3.9,활기찬
215,468,2.5,창의적인
215,74,2.3,활기찬
215,345,4.5,여유로운
215,470,5.0,힐링
215,284,3.4,즐거운
216,149,3.9,감성적인
216,380,4.4,건강한
216,244,2.5,감성적인
217,375,1.5,여유로운
217,66,3.9,감성적인
217,396,3.3,활기찬
217,274,2.2,여유로운
217,288,4.9,진지한
217,105,2.1,여유로운
217,454,3.8,힐링
218,164,4.8,진지한
218,127,3.8,감성적인
218,102,3.5,여유로운
219,352,4.3,즐거운
219,321,1.4,에너지 넘치는
219,55,2.1,활기찬
219,490,4.1,여유로운
219,325,2.9,진지한
220,451,3.7,즐거운
220,181,2.9,활기찬
220,41,3.8,감성적인
220,405,1.7,창의적인
220,400,5.0,활기찬
220,174,3.7,감성적인
221,430,2.1,여유로운
221,167,3.9,여유로운
221,46,3.8,즐거운
221,161,5.0,여유로운
221,51,2.3,창의적인
222,177,3.3,여유로운
222,130,5.0,힐링
222,294,2.9,힐링
222,248,3.0,여유로운
222,464,4.1,감성적인
223,307,3.7,여유로운
223,23,5.0,진지한
223,363,1.7,진지한
224,356,3.9,에너지 넘치는
224,216,1.8,감성적인
224,432,3.1,진지한
224,492,4.7,창의적인
224,273,3.1,창의적인
224,344,1.6,감성적인
225,383,5.0,활기찬
225,194,3.1,진지한
225,152,2.0,여유로운
225,293,4.7,힐링
225,177,3.3,여유로운
226,249,4.6,여유로운
226,351,2.5,진지한
226,56,3.1,창의적인
226,291,3.5,힐링
226,209,3.4,활기찬
226,477,1.8,즐거운
227,25,2.8,창의적인
227,66,3.2,창의적인
227,275,4.8,여유로운
227,238,3.5,힐링
227,449,2.4,감성적인
227,94,2.1,활기찬
228,58,1.7,창의적인
228,92,3.4,여유로운
228,36,3.7,에너지 넘치는
228,153,2.4,활기찬
228,374,3.7,즐거운
228,107,5.0,여유로운
228,303,5.0,에너지 넘치는
229,128,5.0,창의적인
229,391,3.1,즐거운
229,73,4.3,감성적인
229,111,3.0,에너지 넘치는
230,338,3.4,활기찬
230,159,4.1,여유로운
230,145,3.0,활기찬
230,207,3.3,활기찬
230,21,3.1,진지한
231,199,2.1,활기찬
231,184,3.5,즐거운
231,323,4.4,힐링
231,386,4.8,힐링
231,363,4.7,진지한
231,91,1.6,활기찬
232,312,4.0,창의적인
232,55,3.3,활기찬
232,373,4.7,감성적인
233,160,2.2,배움
233,59,2.2,건강한
233,224,3.2,감성적인
233,328,3.2,활기찬
233,110,2.7,감성적인
234,158,4.1,배움
234,297,2.8,활기찬
234,176,2.5,힐링
234,495,4.1,여유로운
234,99,2.2,여유로운
234,127,4.8,감성적인
235,471,3.2,진지한
235,276,4.2,감성적인
235,296,3.3,창의적인
236,267,3.1,에너지 넘치는
236,429,3.3,힐링
236,262,3.7,힐링
236,362,3.3,즐거운
236,38,2.2,감성적인
236,346,3.9,즐거운
236,180,2.8,감성적인
237,261,5.0,여유로운
237,307,3.5,여유로운
237,400,2.8,활기찬
237,296,3.0,창의적인
237,196,3.3,활기찬
237,236,2.3,배움
238,312,3.3,창의적인
238,46,3.5,즐거운
238,342,3.7,배움
238,311,3.8,여유로운
239,104,2.8,진지한
239,151,4.3,감성적인
239,451,5.0,즐거운
239,364,1.8,진지한
239,238,5.0,활기찬
239,382,5.0,힐링
240,431,3.7,감성적인
240,2,2.8,진지한
240,217,2.8,진지한
240,242,3.2,감성적인
240,118,4.3,진지한
240,194,4.5,진지한
240,472,3.8,감성적인
241,200,3.6,진지한
241,64,4.0,즐거운
241,235,3.7,여유로운
241,141,4.1,활기찬
241,355,3.3,활기찬
241,340,4.9,여유로운
242,223,5.0,즐거운
242,373,3.8,감성적인
242,460,2.6,활기찬
242,283,4.7,감성적인
242,114,5.0,진지한
242,432,3.2,진지한
242,106,3.9,힐링
243,206,3.5,즐거운
243,358,4.1,활기찬
243,354,3.5,여유로운
243,323,3.7,힐링
243,446,1.9,힐링
243,426,1.0,힐링
244,457,3.0,즐거운
244,99,4.2,여유로운
244,72,2.3,즐거운
244,11,2.3,즐거운
244,445,1.0,여유로운
244,315,5.0,배움
245,22,3.9,감성적인
245,339,4.1,진지한
245,294,2.7,힐링
245,291,4.4,힐링
245,14,4.4,창의적인
245,323,3.7,힐링
246,110,4.4,감성적인
246,259,3.2,창의적인
246,288,3.4,힐링
246,414,4.0,즐거운
247,356,3.5,에너지 넘치는
247,90,3.4,창의적인
247,210,2.8,힐링
247,452,4.0,창의적인
248,392,3.6,창의적인
248,35,3.5,여유로운
248,5,3.8,여유로운
248,384,3.4,창의적인
248,226,4.2,활기찬
249,485,3.2,즐거운
249,255,3.8,힐링
249,178,4.5,힐링
249,248,2.2,여유로운
249,37,4.2,창의적인
249,165,1.9,활기찬
250,67,2.6,진지한
250,475,3.1,여유로운
250,243,5.0,활기찬
250,179,3.1,즐거운
250,196,3.1,활기찬
251,264,5.0,활기찬
251,402,3.7,즐거운
251,359,5.0,진지한
252,42,3.2,에너지 넘치는
252,384,4.2,창의적인
252,258,3.0,에너지 넘치는
252,422,4.3,진지한
252,254,3.7,진지한
252,257,4.3,즐거운
253,449,2.6,감성적인
253,348,4.1,건강한
253,132,4.4,즐거운
254,235,3.0,진지한
254,97,2.7,즐거운
254,376,3.7,감성적인
254,223,4.4,즐거운
254,486,3.2,에너지 넘치는
255,421,3.9,진지한
255,276,2.6,감성적인
255,322,3.1,창의적인
255,383,4.1,진지한
255,320,2.7,감성적인
256,40,4.4,여유로운
256,97,2.2,즐거운
256,487,2.8,활기찬
256,67,3.2,감성적인
257,391,2.1,배움
257,338,2.3,진지한
257,484,3.3,여유로운
258,99,3.2,여유로운
258,201,3.3,여유로운
258,249,2.4,여유로운
258,102,3.2,건강한
258,296,4.0,창의적인
258,137,2.7,여유로운
259,113,3.6,건강한
259,243,3.2,여유로운
259,13,4.3,여유로운
259,458,2.8,활기찬
260,169,2.9,활기찬
260,324,2.3,여유로운
260,30,1.0,여유로운
261,287,5.0,건강한
261,115,4.1,즐거운
261,418,2.2,즐거운
262,282,3.5,힐링
262,424,5.0,감성적인
262,13,1.0,여유로운
262,276,4.2,감성적인
262,309,2.9,힐링
262,116,3.4,활기찬
262,478,1.0,여유로운
263,145,3.7,활기찬
263,116,4.2,활기찬
263,219,2.5,즐거운
263,359,1.4,진지한
263,91,4.6,감성적인
263,152,4.8,에너지 넘치는
263,408,2.6,감성적인
264,382,3.2,진지한
264,470,4.1,배움
264,446,3.1,힐링
264,144,4.7,진지한
264,120,3.1,여유로운
265,207,3.3,활기찬
265,334,3.3,여유로운
265,158,2.3,에너지 넘치는
266,267,4.3,에너지 넘치는
266,413,3.6,진지한
266,453,3.8,진지한
266,444,4.1,활기찬
266,138,4.0,진지한
266,125,3.6,창의적인
267,122,3.4,힐링
267,341,3.3,건강한
267,65,5.0,여유로운
267,489,3.6,창의적인
267,339,2.5,진지한
267,449,5.0,감성적인
267,394,4.0,활기찬
268,434,2.5,창의적인
268,177,2.1,배움
268,30,2.3,여유로운
269,213,5.0,즐거운
269,306,2.4,감성적인
269,143,2.3,건강한
269,377,2.5,감성적인
269,423,4.7,여유로운
269,268,4.2,활기찬
269,354,1.4,여유로운
270,380,3.5,여유로운
270,261,4.7,즐거운
270,282,2.9,힐링
270,64,2.9,즐거운
270,297,3.3,활기찬
270,183,3.2,진지한
271,140,4.8,힐링
271,408,4.1,감성적인
271,310,3.1,즐거운
271,404,4.2,창의적인
272,490,5.0,여유로운
272,19,2.8,감성적인
272,347,4.9,힐링
272,167,3.2,활기찬
273,116,5.0,활기찬
273,52,2.8,여유로운
273,184,3.5,배움
273,418,3.2,즐거운
273,378,2.6,진지한
273,470,2.9,건강한
273,132,2.6,힐링
274,16,2.1,창의적인
274,252,2.8,활기찬
274,298,4.9,즐거운
275,147,3.4,힐링
275,237,4.5,에너지 넘치는
275,282,2.2,힐링
275,110,4.0,감성적인
275,145,3.6,활기찬
275,355,3.2,감성적인
276,499,4.5,감성적인
276,464,4.5,감성적인
276,198,3.2,감성적인
276,471,4.1,진지한
276,344,3.2,여유로운
277,61,2.2,여유로운
277,157,2.0,진지한
277,198,1.7,활기찬
277,209,3.4,활기찬
277,340,3.1,진지한
277,436,3.0,활기찬
277,338,3.3,진지한
278,21,3.8,힐링
278,149,3.2,감성적인
278,44,1.1,여유로운
278,18,3.1,창의적인
279,433,2.4,힐링
279,424,2.3,여유로운
279,245,4.2,즐거운
279,328,2.3,활기찬
279,362,3.6,즐거운
279,213,4.3,즐거운
279,157,2.8,진지한
280,207,5.0,활기찬
280,210,3.8,힐링
280,338,2.9,진지한
280,457,3.9,즐거운
281,418,2.1,즐거운
281,171,1.0,진지한
281,405,3.3,창의적인
281,345,5.0,여유로운
282,72,4.3,여유로운
282,204,5.0,즐거운
282,219,2.3,여유로운
283,233,3.3,창의적인
283,493,3.5,여유로운
283,440,3.6,힐링
284,453,4.9,진지한
284,433,2.7,힐링
284,257,2.1,배움
284,240,2.7,활기찬
285,497,1.0,활기찬
285,255,3.7,여유로운
285,467,1.8,여유로운
285,271,2.0,여유로운
285,417,4.9,즐거운
286,74,4.0,활기찬
286,288,3.2,진지한
286,212,5.0,즐거운
287,137,4.6,여유로운
287,217,5.0,진지한
287,194,1.0,진지한
287,380,3.5,여유로운
288,19,2.7,감성적인
288,474,2.7,힐링
288,463,3.9,에너지 넘치는
288,330,5.0,힐링
288,72,4.2,여유로운
288,467,2.3,힐링
288,264,3.9,활기찬
289,164,4.9,감성적인
289,256,5.0,진지한
289,325,4.0,진지한
289,280,3.9,진지한
290,382,1.5,힐링
290,334,4.3,여유로운
290,233,3.6,창의적인
290,344,1.9,여유로운
290,249,2.6,여유로운
290,493,3.4,건강한
291,277,2.7,창의적인
291,50,5.0,즐거운
291,14,3.6,창의적인
291,68,2.8,진지한
291,21,3.0,진지한
291,115,4.5,즐거운
292,113,4.5,진지한
292,220,5.0,즐거운
292,359,3.6,진지한
292,469,3.2,진지한
292,421,4.7,진지한
292,35,3.3,여유로운
292,241,4.1,즐거운
293,158,5.0,에너지 넘치는
293,165,3.0,활기찬
293,481,3.2,감성적인
293,314,2.7,여유로운
294,331,2.3,활기찬
294,232,4.5,여유로운
294,83,4.5,에너지 넘치는
294,382,3.9,힐링
295,30,3.8,여유로운
295,347,3.7,진지한
295,392,4.7,창의적인
295,306,3.2,감성적인
296,451,1.8,즐거운
296,198,5.0,감성적인
296,176,3.0,힐링
296,423,1.9,여유로운
296,356,3.5,에너지 넘치는
297,459,3.0,활기찬
297,215,4.2,즐거운
297,33,1.8,진지한
297,461,3.3,진지한
297,286,3.1,감성적인
298,159,3.7,여유로운
298,486,2.7,에너지 넘치는
298,492,3.8,창의적인
298,179,4.7,즐거운
298,216,3.5,감성적인
298,142,3.4,여유로운
298,422,4.1,진지한
299,29,3.0,감성적인
299,426,3.4,힐링
299,359,3.6,배움
299,336,2.1,배움
299,452,2.5,창의적인
299,373,3.6,감성적인
299,185,4.7,창의적인
300,128,5.0,창의적인
300,491,1.8,진지한
300,370,4.6,활기찬
301,449,3.8,감성적인
301,51,1.9,창의적인
301,453,3.2,진지한
301,349,2.3,활기찬
302,307,1.9,여유로운
302,255,2.7,건강한
302,417,2.2,힐링
302,161,3.6,여유로운
302,369,4.2,진지한
303,393,3.0,여유로운
303,316,4.6,즐거운
303,403,1.9,창의적인
303,318,3.0,배움
303,410,4.1,여유로운
303,436,2.5,활기찬
303,161,3.8,감성적인
304,353,3.5,힐링
304,452,3.6,창의적인
304,229,4.0,활기찬
304,286,3.6,활기찬
305,159,3.3,여유로운
305,433,3.9,힐링
305,491,2.6,진지한
305,103,3.3,힐링
305,266,3.3,여유로운
305,409,2.8,즐거운
306,477,4.0,즐거운
306,341,4.4,진지한
306,339,5.0,진지한
306,37,3.1,창의적인
306,184,4.6,즐거운
306,43,3.7,감성적인
306,386,4.3,힐링
307,252,4.6,힐링
307,21,2.8,진지한
307,232,4.0,여유로운
307,237,4.8,에너지 넘치는
307,63,4.0,창의적인
307,145,2.5,활기찬
307,90,4.7,창의적인
308,113,3.9,진지한
308,44,3.3,여유로운
308,360,3.4,창의적인
309,80,4.0,즐거운
309,90,2.6,창의적인
309,131,5.0,여유로운
310,197,2.9,창의적인
310,7,2.5,여유로운
310,314,3.7,즐거운
310,160,3.4,힐링
310,452,3.5,창의적인
310,446,3.2,힐링
311,144,2.4,진지한
311,333,3.1,힐링
311,480,5.0,창의적인
311,51,2.5,창의적인
311,134,2.6,힐링
311,464,1.2,감성적인
312,321,3.7,활기찬
312,294,4.0,감성적인
312,157,3.8,배움
312,214,3.7,에너지 넘치는
313,336,3.5,에너지 넘치는
313,487,4.6,에너지 넘치는
313,171,2.0,진지한
313,96,3.5,활기찬
313,257,4.0,에너지 넘치는
313,328,2.2,감성적인
313,182,2.4,진지한
314,489,3.3,창의적인
314,264,5.0,활기찬
314,74,3.8,여유로운
314,83,1.9,진지한
314,392,5.0,힐링
314,81,3.6,여유로운
314,212,3.4,즐거운
315,301,3.5,진지한
315,18,3.8,창의적인
315,212,3.7,즐거운
315,63,4.4,창의적인
315,437,3.8,창의적인
316,269,4.2,활기찬
316,193,2.1,감성적인
316,171,4.5,진지한
316,221,3.1,즐거운
316,347,3.6,힐링
316,103,4.2,에너지 넘치는
316,493,4.6,여유로운
317,18,2.1,창의적인
317,416,5.0,여유로운
317,224,4.8,감성적인
318,319,2.7,감성적인
318,455,2.4,감성적인
318,41,4.3,즐거운
318,306,2.8,감성적인
318,371,4.9,힐링
318,223,4.3,즐거운
319,401,4.3,활기찬
319,204,2.6,활기찬
319,391,4.1,즐거운
319,229,3.4,감성적인
319,189,3.6,감성적인
319,341,3.9,진지한
320,180,2.0,감성적인
320,467,3.5,활기찬
320,436,5.0,활기찬
320,100,4.4,활기찬
320,258,4.6,에너지 넘치는
320,250,3.9,에너지 넘치는
321,9,2.5,여유로운
321,66,3.3,창의적인
321,311,3.7,활기찬
321,107,4.7,여유로운
321,418,3.3,여유로운
321,70,2.5,활기찬
321,294,4.6,배움
322,437,3.2,창의적인
322,190,4.4,활기찬
322,78,4.6,즐거운
323,179,4.5,즐거운
323,241,2.9,에너지 넘치는
323,492,2.3,창의적인
323,425,3.5,진지한
323,157,4.8,건강한
324,79,3.1,활기찬
324,480,5.0,활기찬
324,461,3.1,힐링
324,32,3.6,여유로운
325,358,2.7,활기찬
325,432,3.4,진지한
325,199,1.5,활기찬
325,439,5.0,여유로운
325,396,1.4,창의적인
325,96,3.2,활기찬
325,76,3.6,감성적인
326,42,1.0,에너지 넘치는
326,402,2.7,에너지 넘치는
326,261,3.9,활기찬
326,292,4.2,활기찬
326,295,1.6,감성적인
327,350,4.0,힐링
327,71,4.9,감성적인
327,90,3.4,창의적인
327,386,2.4,힐링
328,414,3.7,즐거운
328,243,3.6,여유로운
328,399,3.7,창의적인
328,82,2.3,에너지 넘치는
329,436,3.4,활기찬
329,390,3.3,감성적인
329,378,3.2,진지한
329,298,3.2,즐거운
329,154,3.9,여유로운
329,186,4.5,활기찬
329,435,3.6,여유로운
330,384,4.0,창의적인
330,295,3.2,진지한
330,406,3.5,진지한
330,47,3.7,감성적인
330,87,4.5,힐링
330,438,4.1,건강한
331,66,2.0,창의적인
331,13,4.2,여유로운
331,226,3.6,활기찬
332,154,2.4,여유로운
332,341,3.2,진지한
332,355,3.9,활기찬
333,25,2.6,창의적인
333,392,4.1,창의적인
333,217,3.9,진지한
333,134,3.0,힐링
333,281,4.2,힐링
334,340,2.2,진지한
334,248,4.5,여유로운
334,420,3.1,창의적인
335,134,4.2,힐링
335,209,3.5,활기찬
335,308,5.0,활기찬
335,386,2.3,즐거운
335,169,3.7,활기찬
335,110,4.7,감성적인
336,107,3.8,여유로운
336,58,3.4,창의적인
336,167,4.1,활기찬
336,368,4.5,감성적인
337,150,3.1,진지한
337,142,2.8,여유로운
337,294,3.1,힐링
338,332,4.6,에너지 넘치는
338,343,3.6,진지한
338,132,2.5,힐링
339,207,2.7,활기찬
339,473,2.0,창의적인
339,340,4.1,진지한
339,172,2.0,창의적인
339,209,2.2,활기찬
339,479,3.2,진지한
340,381,5.0,창의적인
340,257,4.5,에너지 넘치는
340,295,3.2,감성적인
340,476,4.1,즐거운
340,45,2.9,창의적인
340,192,4.9,여유로운
340,375,2.3,여유로운
341,217,4.8,진지한
341,388,4.0,활기찬
341,479,2.6,진지한
341,462,4.0,에너지 넘치는
342,407,4.3,진지한
342,421,2.1,진지한
342,430,3.3,여유로운
343,246,3.8,진지한
343,169,5.0,활기찬
343,323,2.0,힐링
343,288,5.0,진지한
343,371,4.2,힐링
344,61,4.0,여유로운
344,425,3.6,진지한
344,430,3.6,활기찬
344,2,3.3,진지한
344,491,3.0,진지한
344,89,3.2,진지한
344,63,3.3,감성적인
345,68,3.2,진지한
345,453,3.2,진지한
345,58,5.0,즐거운
345,110,3.7,감성적인
345,190,3.2,활기찬
346,134,3.9,힐링
346,192,5.0,여유로운
346,99,2.5,여유로운
346,154,2.9,진지한
347,321,3.0,에너지 넘치는
347,110,3.7,배움
347,382,3.1,힐링
348,128,1.2,창의적인
348,23,5.0,즐거운
348,395,4.3,힐링
348,402,2.3,에너지 넘치는
349,79,3.0,활기찬
349,251,3.3,즐거운
349,36,2.7,힐링
349,69,2.7,진지한
350,6,2.5,감성적인
350,241,2.2,에너지 넘치는
350,22,3.0,여유로운
350,384,2.4,힐링
350,47,2.9,감성적인
350,335,3.1,힐링
351,394,3.3,활기찬
351,388,3.9,활기찬
351,253,2.8,즐거운
351,434,4.8,창의적인
352,399,4.2,즐거운
352,68,3.4,진지한
352,331,3.8,활기찬
353,15,4.9,힐링
353,89,4.5,힐링
353,127,2.1,여유로운
353,4,5.0,여유로운
353,189,5.0,감성적인
353,285,3.1,창의적인
353,428,3.2,진지한
354,36,3.1,에너지 넘치는
354,217,4.9,힐링
354,181,3.9,활기찬
354,115,3.3,즐거운
355,478,2.3,여유로운
355,333,4.1,힐링
355,221,3.0,힐링
355,268,1.0,여유로운
355,65,3.4,여유로운
355,276,3.1,감성적인
355,22,5.0,여유로운
356,188,2.9,활기찬
356,297,3.5,활기찬
356,250,1.8,힐링
356,456,1.8,진지한
356,416,3.9,즐거운
357,49,3.8,여유로운
357,466,3.3,진지한
357,86,4.2,힐링
358,115,1.7,즐거운
358,185,4.0,창의적인
358,413,4.2,진지한
358,293,2.6,힐링
359,283,3.0,감성적인
359,269,4.1,활기찬
359,467,3.6,힐링
359,301,4.3,건강한
359,198,3.5,감성적인
359,159,3.7,여유로운
359,363,5.0,진지한
360,56,3.0,창의적인
360,209,5.0,활기찬
360,45,3.0,여유로운
360,313,3.9,힐링
360,92,5.0,여유로운
360,399,5.0,창의적인
361,185,2.9,창의적인
361,239,4.9,힐링
361,233,2.7,창의적인
361,407,4.0,진지한
361,411,3.8,즐거운
361,4,2.8,여유로운
361,453,4.7,진지한
362,318,3.0,힐링
362,230,3.0,감성적인
362,43,1.7,감성적인
362,325,3.8,진지한
362,35,4.9,여유로운
363,206,3.8,즐거운
363,323,3.5,힐링
363,452,5.0,창의적인
364,48,3.9,여유로운
364,66,3.8,창의적인
364,283,2.5,감성적인
364,354,4.5,여유로운
365,367,3.5,여유로운
365,30,2.7,여유로운
365,459,2.6,활기찬
365,471,2.2,진지한
365,344,2.4,여유로운
365,179,2.9,즐거운
365,114,3.4,진지한
366,190,2.1,활기찬
366,368,4.1,감성적인
366,494,3.1,활기찬
366,31,3.4,활기찬
366,271,3.8,즐거운
366,284,2.4,여유로운
366,289,1.3,진지한
367,285,3.2,창의적인
367,352,3.6,즐거운
367,327,5.0,즐거운
367,2,5.0,진지한
367,84,4.1,감성적인
367,339,3.3,진지한
367,323,5.0,배움
368,341,3.7,진지한
368,465,3.7,활기찬
368,224,4.7,감성적인
368,51,4.4,배움
368,36,3.6,에너지 넘치는
369,50,1.9,즐거운
369,312,3.2,창의적인
369,266,4.0,힐링
369,267,4.5,에너지 넘치는
370,65,3.8,여유로운
370,334,4.8,여유로운
370,142,3.5,여유로운
370,91,1.4,힐링
370,425,2.7,즐거운
371,170,3.2,활기찬
371,486,3.7,에너지 넘치는
371,148,3.9,여유로운
372,97,2.3,활기찬
372,483,3.8,여유로운
372,126,4.8,즐거운
372,494,5.0,활기찬
372,218,3.0,여유로운
373,177,3.3,여유로운
373,281,3.0,힐링
373,103,3.9,에너지 넘치는
373,76,3.2,감성적인
373,139,2.1,즐거운
373,70,2.3,활기찬
373,346,3.8,즐거운
374,465,4.6,활기찬
374,249,3.8,감성적인
374,114,5.0,진지한
374,150,4.6,진지한
374,64,2.4,즐거운
375,293,3.5,힐링
375,351,2.8,진지한
375,417,3.2,힐링
375,13,3.4,여유로운
375,317,2.8,활기찬
376,31,2.3,진지한
376,246,2.9,감성적인
376,440,4.0,힐링
376,134,2.0,힐링
376,325,2.7,진지한
377,456,2.7,건강한
377,42,4.4,에너지 넘치는
377,203,3.8,즐거운
377,186,2.9,배움
377,351,3.7,진지한
377,171,3.8,진지한
377,62,3.6,창의적인
378,128,3.5,창의적인
378,170,5.0,즐거운
378,420,3.9,창의적인
378,244,3.0,감성적인
379,5,3.4,여유로운
379,75,3.3,즐거운
379,392,2.4,창의적인
379,308,2.3,활기찬
379,3,4.0,활기찬
379,486,2.0,에너지 넘치는
380,375,3.9,여유로운
380,15,2.2,여유로운
380,87,3.8,힐링
381,391,3.9,즐거운
381,401,5.0,활기찬
381,113,2.6,진지한
381,489,3.3,창의적인
381,188,3.6,활기찬
382,454,3.5,건강한
382,85,2.6,에너지 넘치는
382,192,4.0,여유로운
382,188,5.0,활기찬
382,237,3.5,에너지 넘치는
383,134,2.9,여유로운
383,166,4.2,활기찬
383,217,4.0,진지한
384,270,2.2,창의적인
384,354,3.0,여유로운
384,350,3.8,힐링
384,357,3.5,건강한
384,141,4.0,활기찬
384,444,3.2,활기찬
385,476,3.9,창의적인
385,66,3.0,창의적인
385,458,2.1,활기찬
385,29,2.6,감성적인
386,135,3.7,즐거운
386,323,5.0,즐거운
386,253,1.5,즐거운
386,497,4.2,활기찬
386,328,5.0,활기찬
387,240,2.7,감성적인
387,359,1.7,진지한
387,472,3.9,감성적인
388,80,2.7,에너지 넘치는
388,142,2.4,여유로운
388,243,3.3,여유로운
388,452,3.2,창의적인
388,418,3.6,즐거운
388,299,4.0,감성적인
388,493,3.2,여유로운
389,435,3.5,여유로운
389,423,3.3,감성적인
389,48,3.7,여유로운
389,494,3.9,활기찬
390,371,4.6,힐링
390,152,2.4,에너지 넘치는
390,441,4.4,창의적인
390,264,2.3,활기찬
390,133,2.8,배움
390,409,3.3,즐거운
390,435,5.0,여유로운
391,218,1.9,건강한
391,332,4.4,에너지 넘치는
391,11,4.5,건강한
391,270,4.6,창의적인
391,253,4.6,즐거운
391,224,2.6,건강한
391,198,4.2,감성적인
392,219,4.0,여유로운
392,205,3.5,활기찬
392,71,1.4,감성적인
392,1,3.5,창의적인
392,389,2.9,진지한
392,249,3.6,여유로운
393,111,4.5,에너지 넘치는
393,293,3.4,힐링
393,483,3.6,여유로운
393,263,3.8,에너지 넘치는
393,493,3.8,여유로운
393,138,3.7,건강한
394,228,4.2,즐거운
394,161,1.7,여유로운
394,189,3.6,감성적인
395,342,3.7,건강한
395,51,3.5,창의적인
395,223,4.1,즐거운
396,76,3.7,감성적인
396,160,2.5,창의적인
396,82,2.6,에너지 넘치는
396,389,2.3,진지한
396,263,1.7,에너지 넘치는
396,130,3.7,여유로운
396,348,2.2,활기찬
397,149,5.0,즐거운
397,133,3.4,활기찬
397,160,5.0,창의적인
397,295,3.1,감성적인
398,222,5.0,활기찬
398,213,5.0,즐거운
398,51,3.2,창의적인
398,186,2.9,활기찬
398,303,2.6,에너지 넘치는
398,392,2.9,창의적인
399,296,3.8,창의적인
399,259,2.1,창의적인
399,421,2.2,활기찬
399,447,3.5,활기찬
399,455,3.1,감성적인
400,412,3.1,즐거운
400,136,3.5,활기찬
400,176,2.7,힐링
401,171,2.6,진지한
401,416,3.3,여유로운
401,132,4.2,배움
401,20,2.6,진지한
401,220,5.0,즐거운
401,344,4.7,여유로운
401,216,2.9,감성적인
402,293,4.3,힐링
402,403,4.0,창의적인
402,100,3.0,활기찬
402,94,3.5,여유로운
402,282,3.6,힐링
402,479,3.7,배움
402,77,3.3,감성적인
403,127,2.5,감성적인
403,322,3.2,창의적인
403,21,3.5,진지한
403,168,2.2,여유로운
403,286,2.9,감성적인
403,82,3.1,에너지 넘치는
404,161,3.9,여유로운
404,212,3.6,즐거운
404,387,3.2,창의적인
404,195,3.5,활기찬
404,281,3.0,힐링
404,243,3.6,여유로운
404,26,2.6,감성적인
405,357,3.5,감성적인
405,296,4.2,창의적인
405,254,3.7,진지한
406,464,2.7,감성적인
406,191,3.9,여유로운
406,232,3.9,여유로운
406,88,3.0,즐거운
406,487,3.3,진지한
406,496,3.8,진지한
406,359,3.5,진지한
407,335,3.6,힐링
407,254,2.3,진지한
407,215,3.6,여유로운
407,255,2.5,힐링
407,70,5.0,활기찬
407,346,3.8,즐거운
408,35,3.7,여유로운
408,132,2.7,여유로운
408,157,3.5,진지한
408,55,2.7,건강한
408,146,5.0,배움
408,150,3.1,진지한
408,220,4.5,진지한
409,174,2.5,진지한
409,220,4.9,즐거운
409,113,4.3,진지한
409,380,3.3,여유로운
409,358,3.7,활기찬
410,460,4.0,활기찬
410,105,2.8,힐링
410,135,2.2,여유로운
410,132,2.9,힐링
411,39,3.0,즐거운
411,49,2.9,진지한
411,107,5.0,여유로운
411,31,2.9,활기찬
411,91,5.0,즐거운
411,401,4.0,활기찬
412,158,4.0,활기찬
412,204,4.4,활기찬
412,396,3.5,창의적인
413,342,3.8,여유로운
413,421,4.5,진지한
413,198,2.7,감성적인
413,482,3.6,진지한
414,349,4.0,활기찬
414,23,1.5,즐거운
414,158,3.8,에너지 넘치는
414,405,2.9,창의적인
414,46,2.2,즐거운
415,466,4.6,진지한
415,313,3.2,즐거운
415,118,3.9,진지한
415,327,5.0,감성적인
415,272,3.1,여유로운
415,145,2.3,활기찬
415,251,3.1,즐거운
416,257,2.7,에너지 넘치는
416,467,3.0,감성적인
416,337,3.0,에너지 넘치는
416,150,2.8,진지한
416,282,4.3,힐링
416,415,3.5,활기찬
417,147,3.2,힐링
417,58,1.9,배움
417,410,2.4,여유로운
417,466,3.0,진지한
417,6,2.6,감성적인
418,405,2.5,창의적인
418,81,1.9,배움
418,312,3.8,창의적인
418,220,4.6,여유로운
418,28,2.9,힐링
419,8,3.6,배움
419,176,3.5,즐거운
419,39,3.9,즐거운
419,261,4.3,즐거운
419,116,2.2,활기찬
419,449,2.8,감성적인
420,484,3.8,여유로운
420,456,2.5,진지한
420,471,4.6,진지한
420,223,3.9,여유로운
420,78,1.4,즐거운
421,389,2.8,진지한
421,291,2.0,힐링
421,204,4.4,활기찬
421,50,1.8,즐거운
421,217,2.8,진지한
421,361,2.1,힐링
422,182,5.0,진지한
422,16,3.8,감성적인
422,215,3.6,여유로운
422,368,3.1,감성적인
422,403,4.0,창의적인
423,269,2.8,활기찬
423,115,5.0,즐거운
423,411,4.1,활기찬
424,150,4.5,진지한
424,41,2.7,즐거운
424,393,4.9,여유로운
424,117,3.4,활기찬
424,124,3.8,활기찬
425,139,4.7,즐거운
425,131,3.7,여유로운
425,401,3.6,활기찬
426,355,3.8,활기찬
426,34,3.4,즐거운
426,94,3.4,배움
426,102,2.7,여유로운
426,96,2.7,활기찬
426,104,3.9,여유로운
426,302,3.0,여유로운
427,216,3.5,배움
427,20,3.9,진지한
427,435,3.1,감성적인
427,2,1.8,진지한
427,409,3.0,즐거운
428,47,2.7,감성적인
428,462,2.7,에너지 넘치는
428,456,3.4,진지한
428,346,5.0,즐거운
429,449,4.0,감성적인
429,168,3.2,여유로운
429,218,4.3,여유로운
430,49,3.1,진지한
430,357,2.4,감성적인
430,39,3.1,즐거운
430,198,3.7,여유로운
430,452,3.9,창의적인
431,303,3.8,에너지 넘치는
431,453,2.7,진지한
431,106,3.3,활기찬
432,338,4.5,감성적인
432,20,4.7,진지한
432,105,3.3,여유로운
432,281,3.8,힐링
432,403,3.1,창의적인
433,252,4.0,진지한
433,56,3.5,창의적인
433,97,4.5,즐거운
433,384,3.5,창의적인
433,99,3.5,여유로운
434,125,4.3,진지한
434,293,2.6,즐거운
434,78,2.8,즐거운
434,50,3.5,여유로운
434,209,4.8,활기찬
435,358,3.6,활기찬
435,239,3.7,힐링
435,14,2.8,창의적인
436,48,4.6,여유로운
436,40,2.8,여유로운
436,308,3.2,활기찬
436,238,4.5,활기찬
436,477,4.3,즐거운
437,131,3.0,감성적인
437,443,2.2,여유로운
437,469,5.0,진지한
437,356,1.8,에너지 넘치는
438,92,4.0,여유로운
438,215,4.0,여유로운
438,126,4.5,즐거운
438,306,2.9,건강한
438,385,3.3,즐거운
438,451,3.1,건강한
438,355,1.9,힐링
439,343,3.2,진지한
439,307,4.5,여유로운
439,204,5.0,활기찬
440,210,2.5,힐링
440,193,5.0,감성적인
440,73,3.2,감성적인
440,380,3.6,여유로운
441,246,3.5,감성적인
441,105,3.2,여유로운
441,420,5.0,건강한
441,232,3.5,감성적인
441,399,3.6,즐거운
442,438,2.7,힐링
442,319,5.0,감성적인
442,364,3.7,배움
442,419,3.1,여유로운
442,294,2.6,힐링
443,373,2.9,감성적인
443,383,4.4,활기찬
443,218,5.0,감성적인
444,69,3.8,창의적인
444,54,5.0,힐링
444,84,3.1,감성적인
444,57,2.9,활기찬
444,491,3.6,진지한
445,387,2.7,창의적인
445,251,4.2,즐거운
445,189,3.3,감성적인
445,180,3.4,배움
445,338,3.2,감성적인
445,336,4.0,에너지 넘치는
446,490,3.2,여유로운
446,155,5.0,활기찬
446,42,2.8,에너지 넘치는
446,3,3.5,진지한
446,388,3.8,진지한
446,111,3.5,에너지 넘치는
447,357,4.7,감성적인
447,169,3.9,활기찬
447,428,4.1,건강한
447,452,5.0,창의적인
447,75,4.4,즐거운
447,206,4.2,즐거운
447,192,4.8,여유로운
448,236,3.5,힐링
448,51,4.3,창의적인
448,173,2.9,창의적인
448,233,5.0,창의적인
448,283,4.7,감성적인
448,67,4.2,활기찬
448,409,2.9,즐거운
449,253,1.0,즐거운
449,257,2.3,활기찬
449,55,2.4,활기찬
449,203,3.2,즐거운
449,312,4.8,창의적인
449,493,2.9,여유로운
449,482,3.6,창의적인
450,61,5.0,즐거운
450,447,3.5,감성적인
450,407,3.4,진지한
451,233,3.2,창의적인
451,419,3.5,여유로운
451,319,4.0,감성적인
451,495,3.6,힐링
451,469,2.2,진지한
452,346,4.3,즐거운
452,432,1.0,진지한
452,457,3.9,즐거운
453,274,3.7,여유로운
453,362,4.1,즐거운
453,235,1.2,진지한
453,484,3.5,여유로운
454,186,4.7,활기찬
454,439,4.1,여유로운
454,86,4.3,힐링
454,280,3.8,여유로운
454,14,4.4,창의적인
454,96,4.1,활기찬
454,358,5.0,활기찬
455,249,5.0,여유로운
455,35,3.0,여유로운
455,4,5.0,여유로운
455,248,4.1,여유로운
456,475,4.1,여유로운
456,341,3.5,진지한
456,414,2.6,즐거운
457,145,3.2,활기찬
457,117,4.6,활기찬
457,128,3.8,창의적인
457,493,3.5,여유로운
457,278,3.3,여유로운
457,341,1.4,진지한
457,374,3.9,활기찬
458,172,2.6,창의적인
458,168,4.0,여유로운
458,309,4.8,힐링
458,75,4.3,즐거운
458,275,2.9,여유로운
459,277,2.7,즐거운
459,458,5.0,활기찬
459,29,4.5,감성적인
459,404,4.2,창의적인
459,304,3.3,활기찬
459,159,4.0,여유로운
460,118,3.0,진지한
460,482,2.6,힐링
460,258,2.5,즐거운
460,450,4.4,즐거운
460,406,1.7,진지한
460,488,1.8,여유로운
460,308,4.2,활기찬
461,84,3.8,감성적인
461,391,2.3,즐거운
461,333,3.4,힐링
461,219,2.8,여유로운
461,173,4.3,창의적인
462,410,3.1,여유로운
462,495,3.3,여유로운
462,87,4.2,힐링
462,192,4.0,진지한
463,272,3.5,여유로운
463,357,4.0,감성적인
463,334,4.6,여유로운
463,39,3.6,즐거운
463,378,2.2,건강한
463,122,5.0,활기찬
463,369,3.6,진지한
464,320,3.2,감성적인
464,447,3.5,감성적인
464,248,3.7,여유로운
464,475,3.9,여유로운
464,100,2.6,활기찬
464,351,2.8,진지한
465,159,3.8,즐거운
465,371,3.3,여유로운
465,43,4.0,감성적인
465,3,2.9,진지한
465,151,4.2,감성적인
466,20,1.4,진지한
466,303,3.5,에너지 넘치는
466,383,2.9,활기찬
466,336,4.3,에너지 넘치는
466,218,3.3,배움
467,97,4.5,즐거운
467,478,2.2,여유로운
467,450,3.1,즐거운
467,322,4.6,창의적인
467,137,5.0,여유로운
467,153,3.5,감성적인
467,370,5.0,활기찬
468,441,5.0,창의적인
468,89,4.8,진지한
468,147,2.8,힐링
468,82,2.5,에너지 넘치는
469,125,3.0,창의적인
469,184,1.5,즐거운
469,242,1.0,감성적인
469,482,2.9,창의적인
469,319,4.2,감성적인
469,420,2.4,창의적인
469,346,2.6,즐거운
470,449,4.9,감성적인
470,483,3.4,여유로운
470,259,2.4,창의적인
470,439,2.5,여유로운
470,88,3.0,즐거운
470,86,3.9,힐링
471,96,5.0,활기찬
471,434,4.1,힐링
471,160,3.2,창의적인
471,207,3.9,활기찬
471,467,3.4,여유로운
471,69,4.7,창의적인
472,29,4.2,감성적인
472,248,2.7,여유로운
472,7,3.4,여유로운
473,468,3.4,창의적인
473,251,3.3,즐거운
473,178,3.0,힐링
474,407,3.3,진지한
474,408,2.1,감성적인
474,357,2.4,감성적인
474,278,2.6,여유로운
475,27,4.6,힐링
475,454,4.0,힐링
475,466,3.4,진지한
475,453,3.5,진지한
475,37,3.2,힐링
476,215,3.8,여유로운
476,121,4.9,배움
476,401,3.6,활기찬
476,252,2.1,배움
477,53,2.4,창의적인
477,488,3.9,여유로운
477,239,1.8,힐링
477,382,4.4,배움
478,185,1.9,창의적인
478,401,4.7,활기찬
478,329,4.0,힐링
478,351,2.7,진지한
478,51,1.8,창의적인
478,123,3.3,진지한
478,84,4.0,감성적인
479,185,4.2,즐거운
479,390,2.7,즐거운
479,66,2.9,창의적인
480,321,2.5,에너지 넘치는
480,44,2.7,여유로운
480,481,2.2,감성적인
480,101,2.8,여유로운
480,127,5.0,감성적인
481,65,3.0,여유로운
481,48,3.5,진지한
481,190,2.5,활기찬
482,286,3.6,즐거운
482,111,2.5,에너지 넘치는
482,313,3.1,힐링
482,335,4.0,힐링
482,446,3.2,활기찬
482,449,5.0,감성적인
482,289,3.6,진지한
483,78,2.5,힐링
483,422,4.2,진지한
483,470,1.0,힐링
483,380,2.4,여유로운
483,119,3.3,즐거운
483,306,3.2,감성적인
484,78,3.9,즐거운
484,22,2.7,여유로운
484,472,2.8,감성적인
484,98,2.7,활기찬
484,34,3.2,즐거운
484,115,3.9,즐거운
485,411,3.3,활기찬
485,183,5.0,진지한
485,107,2.6,여유로운
486,72,2.8,건강한
486,117,2.6,활기찬
486,437,4.1,창의적인
486,50,3.7,건강한
487,485,3.3,즐거운
487,120,3.9,여유로운
487,232,4.5,여유로운
487,495,3.4,여유로운
488,85,3.2,에너지 넘치는
488,449,4.2,감성적인
488,411,3.0,활기찬
488,95,4.1,진지한
488,22,3.6,여유로운
488,124,4.0,힐링
488,278,2.3,즐거운
489,370,2.8,활기찬
489,333,3.7,힐링
489,259,4.4,창의적인
489,424,1.0,여유로운
490,274,3.6,여유로운
490,363,4.1,진지한
490,75,3.9,즐거운
490,295,2.8,감성적인
490,326,2.7,창의적인
490,211,3.6,여유로운
491,32,2.7,여유로운
491,270,3.9,배움
491,131,4.7,여유로운
491,249,2.7,여유로운
491,68,3.1,진지한
491,44,3.6,힐링
492,153,4.0,여유로운
492,30,5.0,여유로운
492,142,4.4,여유로운
492,487,3.1,에너지 넘치는
492,450,4.3,배움
493,120,3.8,여유로운
493,316,3.8,즐거운
493,354,2.8,여유로운
493,175,4.0,여유로운
493,305,4.5,즐거운
494,405,4.0,창의적인
494,365,3.4,힐링
494,281,4.8,힐링
494,78,3.0,감성적인
494,220,2.7,힐링
494,429,5.0,힐링
494,395,2.9,힐링
495,119,3.0,진지한
495,428,4.1,진지한
495,459,3.1,활기찬
495,251,3.6,즐거운
496,400,4.6,힐링
496,418,3.9,즐거운
496,64,3.2,즐거운
497,211,4.1,여유로운
497,295,2.8,감성적인
497,241,4.2,에너지 넘치는
497,121,3.5,즐거운
498,176,3.0,힐링
498,24,1.4,진지한
498,382,3.1,힐링
498,215,4.0,여유로운
498,500,3.8,즐거운
499,194,2.6,진지한
499,495,5.0,여유로운
499,173,3.5,감성적인
499,378,2.0,진지한
500,449,2.1,감성적인
500,32,3.1,여유로운
500,415,3.5,활기찬
501,177,4.0,여유로운
501,343,3.9,진지한
501,345,2.9,배움
501,86,3.4,힐링
501,117,2.6,활기찬
501,259,2.2,창의적인
501,14,3.7,창의적인
502,199,2.5,활기찬
502,83,4.5,에너지 넘치는
502,292,3.2,감성적인
502,356,4.3,에너지 넘치는
502,491,4.5,진지한
503,27,4.4,감성적인
503,253,2.6,즐거운
503,248,2.6,즐거운
503,117,2.2,활기찬
503,467,5.0,여유로운
504,40,2.6,여유로운
504,347,3.0,힐링
504,25,5.0,창의적인
504,284,3.6,즐거운
504,80,5.0,에너지 넘치는
504,394,4.8,활기찬
505,491,4.3,건강한
505,369,3.1,진지한
505,132,1.5,힐링
505,28,2.9,힐링
506,364,3.4,진지한
506,156,1.8,즐거운
506,246,3.8,감성적인
507,317,3.0,활기찬
507,230,2.3,즐거운
507,482,2.1,창의적인
508,163,3.9,배움
508,4,4.6,여유로운
508,125,2.4,즐거운
508,53,3.4,창의적인
508,240,3.3,힐링
509,437,3.5,창의적인
509,372,3.1,진지한
509,491,3.2,진지한
510,194,5.0,진지한
510,99,4.6,여유로운
510,77,3.1,진지한
510,66,4.2,창의적인
510,351,3.8,진지한
510,396,3.8,창의적인
510,298,3.0,즐거운
511,202,4.4,여유로운
511,120,5.0,여유로운
511,150,2.5,진지한
511,249,3.5,여유로운
511,223,2.5,활기찬
512,483,3.8,여유로운
512,368,2.3,감성적인
512,370,4.1,활기찬
512,413,3.2,진지한
512,326,3.9,창의적인
512,10,3.7,창의적인
513,215,4.0,여유로운
513,321,3.5,에너지 넘치는
513,180,2.4,힐링
513,419,2.4,여유로운
514,149,2.7,감성적인
514,415,1.9,활기찬
514,134,3.1,힐링
514,427,3.3,감성적인
514,274,3.4,여유로운
515,419,4.3,여유로운
515,236,2.6,힐링
515,268,3.6,힐링
515,210,3.8,힐링
515,47,4.3,감성적인
515,282,1.9,힐링
516,206,2.1,즐거운
516,120,5.0,여유로운
516,301,4.5,진지한
516,217,1.9,진지한
516,308,4.1,활기찬
517,401,3.7,활기찬
517,388,5.0,활기찬
517,25,5.0,진지한
517,6,5.0,감성적인
517,169,3.1,활기찬
518,414,4.3,활기찬
518,160,4.9,창의적인
518,230,4.6,여유로운
518,167,3.0,활기찬
518,4,5.0,여유로운
518,297,2.1,활기찬
518,453,4.8,진지한
519,121,3.5,즐거운
519,203,3.8,즐거운
519,229,4.2,활기찬
520,266,2.7,여유로운
520,306,3.1,감성적인
520,463,3.8,에너지 넘치는
520,411,4.0,활기찬
520,163,2.9,진지한
520,111,4.1,활기찬
521,116,4.8,활기찬
521,334,4.3,여유로운
521,76,3.1,감성적인
521,401,3.8,활기찬
522,219,2.7,여유로운
522,471,2.4,진지한
522,194,3.3,진지한
523,436,1.5,활기찬
523,225,3.7,에너지 넘치는
523,58,2.8,진지한
523,25,5.0,창의적인
523,238,2.9,진지한
523,465,3.8,활기찬
523,268,5.0,여유로운
524,280,3.3,진지한
524,414,3.1,즐거운
524,402,1.9,에너지 넘치는
524,453,3.8,여유로운
524,373,3.2,감성적인
524,370,2.6,활기찬
524,423,3.4,여유로운
525,330,4.2,감성적인
525,247,2.9,진지한
525,399,3.3,창의적인
525,86,3.4,힐링
525,242,3.3,감성적인
525,76,1.0,감성적인
525,289,2.3,즐거운
526,86,2.4,힐링
526,107,3.3,여유로운
526,121,1.7,즐거운
526,41,5.0,즐거운
526,127,3.9,감성적인
527,144,2.3,진지한
527,12,2.3,여유로운
527,249,4.6,여유로운
527,119,5.0,진지한
528,300,2.7,감성적인
528,309,1.7,힐링
528,244,4.6,감성적인
528,436,5.0,활기찬
529,385,3.8,즐거운
529,40,2.0,여유로운
529,450,1.6,즐거운
529,167,4.4,진지한
529,349,3.4,활기찬
530,9,2.8,여유로운
530,1,1.9,창의적인
530,145,3.5,활기찬
530,451,4.3,즐거운
531,100,2.3,활기찬
531,215,5.0,여유로운
531,447,2.9,활기찬
531,475,2.3,건강한
531,58,4.2,창의적인
532,441,4.3,창의적인
532,466,3.9,진지한
532,418,5.0,즐거운
532,214,4.5,에너지 넘치는
532,316,4.4,감성적인
532,37,3.7,창의적인
532,169,3.1,활기찬
533,122,2.7,활기찬
533,7,3.7,여유로운
533,9,2.2,여유로운
533,388,3.7,활기찬
533,83,3.5,에너지 넘치는
533,393,5.0,여유로운
534,144,2.4,건강한
534,140,3.0,힐링
534,69,3.8,창의적인
534,429,3.9,힐링
534,405,3.6,창의적인
534,150,3.0,진지한
535,310,4.2,즐거운
535,407,4.1,진지한
535,4,4.8,여유로운
535,261,5.0,즐거운
535,27,2.4,힐링
535,457,4.9,즐거운
535,259,3.9,창의적인
536,186,3.8,활기찬
536,394,3.7,활기찬
536,275,4.2,여유로운
536,446,4.0,배움
536,55,3.0,활기찬
536,258,3.2,건강한
536,216,2.2,감성적인
537,304,4.0,활기찬
537,454,3.7,힐링
537,85,3.9,에너지 넘치는
537,327,4.0,즐거운
537,55,3.6,활기찬
537,347,4.3,힐링
537,119,3.2,진지한
538,41,3.8,건강한
538,13,2.1,여유로운
538,218,4.5,여유로운
538,435,3.3,여유로운
538,36,3.7,건강한
539,193,2.9,감성적인
539,496,5.0,감성적인
539,458,2.3,활기찬
539,323,3.9,힐링
540,89,3.7,진지한
540,118,3.3,진지한
540,121,3.7,즐거운
540,82,4.3,에너지 넘치는
541,246,2.5,감성적인
541,448,4.3,진지한
541,147,2.8,힐링
541,401,5.0,활기찬
542,278,4.4,힐링
542,135,2.6,여유로운
542,366,4.7,창의적인
542,206,4.2,힐링
542,17,4.8,감성적인
542,163,3.9,즐거운
542,224,2.9,감성적인
543,138,3.1,진지한
543,267,4.7,에너지 넘치는
543,184,1.7,배움
544,404,3.8,창의적인
544,332,5.0,에너지 넘치는
544,9,1.7,배움
545,451,4.5,즐거운
545,496,2.5,즐거운
545,154,3.6,여유로운
545,274,3.0,여유로운
545,199,2.6,활기찬
545,201,3.8,여유로운
545,90,3.2,창의적인
546,65,3.4,여유로운
546,452,5.0,창의적인
546,422,3.6,진지한
547,387,1.6,여유로운
547,466,4.3,진지한
547,132,3.9,힐링
547,405,5.0,창의적인
547,64,3.1,즐거운
547,327,3.6,즐거운
548,273,3.8,창의적인
548,58,2.3,창의적인
548,350,3.8,힐링
548,310,4.0,즐거운
548,227,2.5,여유로운
549,484,2.6,여유로운
549,392,3.6,창의적인
549,105,3.7,여유로운
549,82,3.8,에너지 넘치는
549,204,2.9,활기찬
550,309,3.3,힐링
550,106,2.7,힐링
550,229,2.4,감성적인
551,96,4.2,활기찬
551,406,5.0,진지한
551,168,1.5,여유로운
552,311,2.9,활기찬
552,421,3.5,진지한
552,178,2.6,힐링
552,356,4.9,에너지 넘치는
552,198,3.8,감성적인
552,98,1.0,활기찬
552,190,3.6,활기찬
553,168,4.1,여유로운
553,353,3.3,힐링
553,404,3.9,건강한
553,300,3.2,감성적인
553,375,3.4,여유로운
553,184,4.6,즐거운
554,95,3.6,진지한
554,346,5.0,즐거운
554,115,2.4,즐거운
554,440,5.0,힐링
554,54,3.2,힐링
555,54,3.4,힐링
555,372,2.0,진지한
555,327,3.0,즐거운
555,466,3.9,진지한
555,184,4.4,즐거운
555,434,2.7,창의적인
556,481,4.8,활기찬
556,393,3.0,여유로운
556,183,5.0,활기찬
556,254,2.0,진지한
556,273,2.9,창의적인
556,155,3.7,활기찬
557,9,3.7,여유로운
557,122,2.7,힐링
557,182,5.0,진지한
557,480,3.0,창의적인
557,94,2.7,여유로운
558,432,2.2,진지한
558,164,3.5,힐링
558,174,1.9,진지한
558,13,3.0,여유로운
558,342,3.2,여유로운
558,202,2.2,여유로운
559,122,4.7,힐링
559,20,4.2,진지한
559,47,2.9,건강한
559,294,3.1,힐링
559,471,2.5,즐거운
560,58,4.2,창의적인
560,355,2.2,배움
560,97,3.0,즐거운
561,183,1.9,진지한
561,349,3.1,활기찬
561,179,3.0,즐거운
561,467,2.8,건강한
562,63,4.1,창의적인
562,233,3.0,여유로운
562,10,4.4,창의적인
562,80,2.5,에너지 넘치는
562,377,1.8,감성적인
563,411,4.5,활기찬
563,92,4.1,여유로운
563,161,3.2,여유로운
563,282,3.8,힐링
563,165,3.3,활기찬
563,378,4.7,여유로운
563,469,4.3,배움
564,398,2.1,진지한
564,168,2.8,여유로운
564,328,3.5,활기찬
564,185,2.6,창의적인
565,180,2.6,감성적인
565,476,2.4,창의적인
565,50,2.3,즐거운
565,220,4.2,건강한
565,221,2.5,힐링
566,415,2.6,활기찬
566,306,4.8,감성적인
566,386,4.7,건강한
566,39,3.1,즐거운
567,395,3.0,진지한
567,44,5.0,여유로운
567,411,3.8,활기찬
567,224,4.1,여유로운
568,453,5.0,진지한
568,178,3.7,힐링
568,332,2.0,에너지 넘치는
568,380,4.2,여유로운
568,46,4.1,즐거운
569,331,2.9,활기찬
569,236,2.9,힐링
569,417,5.0,힐링
569,264,2.1,활기찬
570,140,3.3,힐링
570,393,3.5,여유로운
570,307,2.9,여유로운
571,149,4.3,진지한
571,273,4.6,창의적인
571,324,2.6,여유로운
572,311,4.0,활기찬
572,111,1.4,에너지 넘치는
572,192,4.3,여유로운
572,51,5.0,창의적인
572,454,4.1,힐링
572,85,2.8,에너지 넘치는
572,143,2.6,감성적인
573,203,3.0,즐거운
573,10,3.9,창의적인
573,169,2.3,활기찬
573,85,2.4,여유로운
573,313,4.2,힐링
573,355,4.9,건강한
574,20,4.1,여유로운
574,51,3.1,창의적인
574,261,2.9,여유로운
574,104,2.7,즐거운
575,436,3.7,활기찬
575,10,3.6,창의적인
575,84,2.6,감성적인
575,215,2.0,여유로운
576,462,3.4,에너지 넘치는
576,173,3.6,창의적인
576,448,2.5,여유로운
576,286,2.2,감성적인
576,293,3.1,힐링
576,482,4.5,창의적인
576,276,5.0,감성적인
577,120,1.5,여유로운
577,317,2.4,활기찬
577,418,3.5,힐링
577,453,4.5,배움
577,329,3.3,힐링
577,310,1.7,즐거운
577,401,4.6,활기찬
578,456,4.8,진지한
578,41,3.1,즐거운
578,360,1.9,창의적인
579,240,4.0,감성적인
579,32,3.7,여유로운
579,179,4.7,활기찬
579,169,5.0,활기찬
579,215,2.5,진지한
580,226,4.0,활기찬
580,97,3.5,여유로운
580,42,3.9,에너지 넘치는
580,390,2.2,감성적인
580,303,4.4,에너지 넘치는
580,113,3.1,진지한
581,372,3.9,진지한
581,350,3.8,힐링
581,196,2.5,배움
581,288,3.8,건강한
581,435,3.7,여유로운
581,432,2.0,건강한
582,171,2.7,진지한
582,213,2.9,건강한
582,150,4.6,배움
582,392,3.8,창의적인
583,384,5.0,창의적인
583,167,1.8,활기찬
583,105,4.1,여유로운
583,334,4.6,여유로운
583,408,3.5,감성적인
583,271,2.7,건강한
584,354,2.6,여유로운
584,164,3.8,감성적인
584,404,3.9,활기찬
584,41,3.7,즐거운
584,251,1.1,즐거운
585,146,2.4,활기찬
585,41,3.0,즐거운
585,155,3.3,활기찬
585,133,3.0,감성적인
585,31,2.7,활기찬
585,91,1.8,힐링
585,362,2.9,즐거운
586,407,3.5,진지한
586,325,2.8,진지한
586,105,2.7,여유로운
586,428,2.8,진지한
586,360,4.0,창의적인
587,453,4.5,진지한
587,166,4.2,활기찬
587,231,3.1,즐거운
587,41,4.3,즐거운
587,53,2.8,감성적인
588,381,2.4,창의적인
588,264,2.4,활기찬
588,192,2.7,여유로운
588,160,4.2,창의적인
589,333,3.3,여유로운
589,417,2.6,힐링
589,284,2.7,즐거운
589,85,3.6,에너지 넘치는
590,271,4.1,즐거운
590,479,4.5,건강한
590,368,2.2,감성적인
590,480,2.1,창의적인
590,199,3.6,즐거운
590,466,4.3,진지한
590,317,5.0,활기찬
591,415,2.7,활기찬
591,283,3.0,감성적인
591,351,3.5,진지한
591,228,3.3,여유로운
591,488,4.1,여유로운
591,54,5.0,배움
591,496,5.0,활기찬
592,396,4.8,즐거운
592,143,5.0,여유로운
592,154,3.9,여유로운
592,256,2.9,힐링
592,371,2.8,활기찬
593,463,1.2,에너지 넘치는
593,395,3.6,힐링
593,408,3.0,감성적인
593,67,3.7,감성적인
594,13,4.1,여유로운
594,460,3.3,활기찬
594,389,2.1,진지한
594,59,3.2,힐링
594,444,3.8,감성적인
594,305,5.0,즐거운
594,120,3.3,여유로운
595,299,5.0,감성적인
595,395,4.1,힐링
595,471,3.7,진지한
596,62,2.1,즐거운
596,97,3.4,즐거운
596,93,3.1,감성적인
597,33,2.2,활기찬
597,104,3.3,건강한
597,63,4.3,창의적인
597,57,2.5,활기찬
597,19,4.2,감성적인
597,337,4.8,에너지 넘치는
598,461,3.1,여유로운
598,25,3.8,배움
598,83,1.9,에너지 넘치는
598,282,3.9,힐링
598,133,3.0,활기찬
598,353,3.4,힐링
598,254,2.7,진지한
599,104,3.3,여유로운
599,60,2.8,건강한
599,225,4.5,에너지 넘치는
599,293,4.0,힐링
599,499,4.6,배움
599,190,4.4,힐링
599,21,4.7,진지한
600,228,4.8,즐거운
600,307,3.8,여유로운
600,380,4.3,여유로운
600,305,3.8,즐거운
601,251,3.2,즐거운
601,42,3.7,에너지 넘치는
601,400,2.9,활기찬
602,380,2.9,여유로운
602,99,3.5,여유로운
602,173,2.8,진지한
603,411,4.4,힐링
603,1,4.0,창의적인
603,468,3.1,창의적인
603,13,3.5,배움
603,227,5.0,여유로운
604,253,4.0,감성적인
604,260,2.7,여유로운
604,331,4.0,활기찬
604,209,2.3,활기찬
605,334,3.4,여유로운
605,410,3.7,여유로운
605,69,4.3,창의적인
606,337,4.3,에너지 넘치는
606,160,5.0,즐거운
606,378,2.2,진지한
606,37,1.0,감성적인
606,71,3.6,감성적인
607,176,1.3,힐링
607,109,1.9,진지한
607,421,3.3,진지한
607,200,2.8,진지한
608,29,4.0,감성적인
608,375,3.5,여유로운
608,199,3.9,활기찬
608,162,2.2,배움
608,143,2.6,활기찬
608,386,1.0,건강한
608,289,3.8,진지한
609,114,2.7,진지한
609,337,2.4,에너지 넘치는
609,93,2.1,감성적인
609,448,2.9,여유로운
609,412,2.1,즐거운
609,19,4.1,감성적인
610,272,3.2,여유로운
610,4,3.5,여유로운
610,470,3.6,힐링
610,178,2.7,힐링
610,435,3.8,여유로운
610,46,4.0,즐거운
610,376,4.0,감성적인
611,460,3.4,활기찬
611,397,2.9,창의적인
611,447,2.6,감성적인
611,280,3.6,진지한
611,348,2.6,활기찬
612,347,3.6,힐링
612,331,4.3,활기찬
612,420,3.5,진지한
613,116,3.6,활기찬
613,108,4.0,즐거운
613,281,2.4,힐링
613,479,3.2,진지한
613,280,4.2,즐거운
614,24,2.6,진지한
614,427,2.6,배움
614,411,3.9,건강한
615,114,4.1,진지한
615,399,3.8,창의적인
615,287,3.4,창의적인
615,292,2.7,감성적인
615,123,2.5,진지한
615,498,2.0,여유로운
615,390,3.7,감성적인
616,99,3.7,여유로운
616,363,2.1,건강한
616,221,3.3,건강한
616,439,3.7,즐거운
616,133,3.7,활기찬
616,146,3.1,활기찬
616,249,2.6,여유로운
617,1,3.9,창의적인
617,248,3.8,여유로운
617,54,3.9,감성적인
618,179,2.8,즐거운
618,208,4.8,활기찬
618,294,2.0,건강한
618,342,3.7,여유로운
618,201,2.2,여유로운
619,16,2.1,창의적인
619,50,3.1,즐거운
619,341,4.2,진지한
619,9,4.3,활기찬
619,401,3.1,활기찬
619,81,3.9,여유로운
619,340,2.2,진지한
620,183,3.4,진지한
620,226,1.6,활기찬
620,286,3.6,감성적인
620,133,4.8,활기찬
621,339,3.8,진지한
621,176,5.0,힐링
621,201,5.0,여유로운
621,275,3.9,활기찬
622,399,3.0,창의적인
622,56,4.7,창의적인
622,273,3.5,창의적인
622,404,3.1,창의적인
623,51,3.9,창의적인
623,73,3.3,감성적인
623,17,3.9,감성적인
623,209,3.7,여유로운
623,224,4.5,감성적인
624,203,3.9,즐거운
624,421,1.9,진지한
624,148,4.5,즐거운
624,450,3.6,즐거운
624,202,2.4,여유로운
625,22,2.5,여유로운
625,244,4.0,감성적인
625,217,3.2,진지한
625,189,2.3,감성적인
626,79,2.7,활기찬
626,429,3.8,여유로운
626,248,1.4,여유로운
626,420,3.7,여유로운
626,260,1.8,여유로운
626,297,4.7,즐거운
626,330,4.6,힐링
627,333,4.1,진지한
627,426,3.6,힐링
627,189,4.9,감성적인
627,382,3.0,힐링
627,76,4.6,감성적인
627,20,2.9,진지한
628,211,2.8,여유로운
628,326,4.3,여유로운
628,477,4.4,활기찬
628,404,4.6,창의적인
629,5,5.0,여유로운
629,189,3.5,감성적인
629,87,3.0,힐링
629,251,2.0,즐거운
629,78,3.6,활기찬
629,435,4.6,여유로운
629,190,3.9,활기찬
630,343,2.5,진지한
630,242,3.6,감성적인
630,474,2.9,힐링
630,198,3.5,배움
630,280,4.4,진지한
630,207,1.2,건강한
630,156,2.7,창의적인
631,327,4.4,즐거운
631,54,4.2,힐링
631,290,3.2,즐거운
631,352,4.3,즐거운
631,308,4.9,활기찬
632,123,3.1,진지한
632,479,3.6,진지한
632,11,2.4,즐거운
632,230,5.0,즐거운
632,459,2.1,활기찬
632,433,4.5,힐링
632,107,4.9,여유로운
633,440,4.5,힐링
633,445,2.1,여유로운
633,400,3.0,활기찬
633,9,2.2,여유로운
633,484,4.9,여유로운
633,434,2.8,창의적인
633,260,3.4,여유로운
634,270,3.1,창의적인
634,7,4.4,여유로운
634,434,3.2,창의적인
634,190,5.0,활기찬
634,49,3.5,진지한
634,338,5.0,진지한
635,485,2.4,즐거운
635,100,3.4,활기찬
635,152,4.7,에너지 넘치는
635,247,1.4,진지한
635,115,4.0,즐거운
635,306,4.3,감성적인
635,123,1.3,진지한
636,317,5.0,활기찬
636,259,4.8,창의적인
636,476,4.0,창의적인
636,79,2.8,활기찬
636,149,4.7,감성적인
636,131,4.3,감성적인
636,85,3.3,에너지 넘치는
637,197,2.2,창의적인
637,74,4.6,활기찬
637,277,5.0,배움
638,133,5.0,활기찬
638,373,3.1,감성적인
638,334,3.3,여유로운
638,344,2.8,감성적인
638,38,2.3,진지한
638,144,4.3,감성적인
638,341,2.4,진지한
639,201,2.8,여유로운
639,284,4.6,즐거운
639,137,3.1,감성적인
639,366,3.3,창의적인
639,473,3.5,즐거운
640,105,3.5,여유로운
640,242,4.2,힐링
640,191,3.7,여유로운
640,78,2.5,즐거운
640,47,4.5,감성적인
640,48,3.8,여유로운
640,7,4.1,여유로운
641,185,3.1,창의적인
641,421,3.6,진지한
641,163,2.0,즐거운
641,89,3.0,진지한
642,415,4.2,활기찬
642,4,3.6,배움
642,53,3.9,창의적인
642,81,3.7,여유로운
643,21,3.5,진지한
643,460,3.3,활기찬
643,473,3.2,창의적인
643,477,4.8,즐거운
643,331,2.6,활기찬
643,144,4.1,활기찬
643,423,4.1,여유로운
644,14,3.8,창의적인
644,328,4.5,활기찬
644,41,2.6,즐거운
644,49,4.2,진지한
645,182,2.6,진지한
645,492,3.5,창의적인
645,434,3.8,창의적인
645,67,3.9,즐거운
645,220,3.2,즐거운
645,118,2.3,진지한
646,488,2.8,여유로운
646,235,4.0,진지한
646,283,3.5,감성적인
646,121,2.7,즐거운
646,398,4.0,진지한
646,278,4.3,여유로운
646,210,3.2,힐링
647,374,3.7,활기찬
647,377,3.5,감성적인
647,430,3.6,여유로운
647,339,2.5,배움
647,349,1.8,활기찬
647,42,2.7,에너지 넘치는
648,162,3.0,창의적인
648,325,3.1,진지한
648,13,4.5,여유로운
648,109,3.3,진지한
649,24,2.9,진지한
649,70,3.2,활기찬
649,452,3.7,배움
650,351,2.7,진지한
650,482,3.2,창의적인
650,179,3.8,즐거운
650,246,2.4,즐거운
650,344,4.5,여유로운
651,10,5.0,창의적인
651,436,5.0,여유로운
651,411,3.6,활기찬
651,107,3.2,여유로운
651,405,3.8,창의적인
651,415,2.5,활기찬
651,171,3.1,진지한
652,125,3.6,창의적인
652,83,4.8,에너지 넘치는
652,463,2.7,에너지 넘치는
652,257,3.9,에너지 넘치는
652,111,3.0,에너지 넘치는
652,292,3.9,감성적인
652,437,3.9,창의적인
653,480,2.9,창의적인
653,73,3.1,여유로운
653,202,4.1,여유로운
654,119,4.3,진지한
654,439,3.8,여유로운
654,389,3.6,진지한
654,461,4.8,힐링
654,436,2.3,활기찬
654,347,5.0,힐링
655,245,3.5,즐거운
655,445,4.3,즐거운
655,462,2.8,에너지 넘치는
655,204,3.8,활기찬
656,216,1.8,여유로운
656,209,2.0,활기찬
656,303,4.6,에너지 넘치는
657,169,3.4,활기찬
657,423,5.0,여유로운
657,486,3.5,에너지 넘치는
657,269,1.6,활기찬
657,434,4.8,창의적인
657,262,5.0,힐링
658,407,3.2,진지한
658,127,3.1,감성적인
658,239,5.0,힐링
658,298,2.7,즐거운
658,229,4.4,여유로운
659,136,4.5,활기찬
659,127,3.7,감성적인
659,84,4.0,감성적인
659,33,3.4,즐거운
659,50,2.5,여유로운
659,360,4.0,창의적인
659,94,4.6,여유로운
660,141,5.0,활기찬
660,285,1.3,창의적인
660,120,4.4,여유로운
660,280,2.2,즐거운
660,165,1.9,활기찬
660,63,2.8,창의적인
661,303,4.9,에너지 넘치는
661,32,2.8,여유로운
661,179,4.8,즐거운
661,135,2.3,여유로운
661,433,5.0,힐링
661,169,3.1,활기찬
662,112,5.0,활기찬
662,123,2.8,진지한
662,48,4.8,진지한
662,389,3.0,즐거운
662,436,5.0,진지한
662,36,4.0,에너지 넘치는
662,499,3.7,감성적인
663,30,3.7,배움
663,489,2.6,창의적인
663,122,3.6,힐링
664,471,4.0,진지한
664,66,5.0,건강한
664,26,2.9,즐거운
664,499,3.0,감성적인
664,360,4.3,창의적인
664,448,2.8,여유로운
665,178,3.4,힐링
665,368,3.6,배움
665,347,3.5,배움
665,199,3.6,활기찬
665,146,1.5,활기찬
665,155,2.1,활기찬
665,355,3.4,활기찬
666,5,2.3,여유로운
666,302,2.6,여유로운
666,344,3.7,여유로운
666,328,3.0,건강한
666,414,4.5,즐거운
667,72,5.0,여유로운
667,403,3.7,창의적인
667,189,2.3,배움
667,10,2.8,창의적인
667,126,4.1,감성적인
667,25,4.7,창의적인
668,444,5.0,활기찬
668,411,3.3,활기찬
668,495,3.5,여유로운
669,383,2.9,활기찬
669,395,3.8,힐링
669,143,3.0,배움
670,107,2.5,여유로운
670,31,1.8,활기찬
670,26,3.4,감성적인
671,10,5.0,창의적인
671,397,5.0,창의적인
671,283,3.0,감성적인
671,491,3.7,여유로운
671,112,3.2,활기찬
672,94,4.3,배움
672,428,5.0,힐링
672,13,3.3,진지한
672,75,2.8,즐거운
672,73,3.9,감성적인
672,131,4.2,여유로운
673,78,3.8,힐링
673,48,2.5,여유로운
673,409,3.4,즐거운
673,60,2.8,여유로운
673,44,3.7,여유로운
674,121,5.0,즐거운
674,184,3.6,즐거운
674,186,2.4,활기찬
674,122,2.8,여유로운
674,376,5.0,감성적인
674,430,2.7,여유로운
675,358,2.9,활기찬
675,402,4.8,에너지 넘치는
675,495,1.7,여유로운
675,259,2.8,창의적인
675,203,3.3,힐링
676,295,3.2,건강한
676,259,4.8,창의적인
676,123,2.5,진지한
676,255,4.3,힐링
676,251,2.9,즐거운
677,497,3.9,활기찬
677,102,3.1,여유로운
677,295,4.9,감성적인
678,82,5.0,진지한
678,117,4.1,활기찬
678,138,3.4,진지한
678,325,3.5,진지한
678,163,2.9,즐거운
679,193,3.9,감성적인
679,462,3.5,에너지 넘치는
679,219,3.2,여유로운
679,368,3.4,건강한
679,420,3.7,창의적인
680,357,1.8,감성적인
680,229,4.9,감성적인
680,75,4.0,즐거운
680,365,1.5,힐링
680,253,4.0,즐거운
680,110,3.7,감성적인
681,169,3.1,배움
681,363,1.0,진지한
681,138,1.4,진지한
682,499,3.2,감성적인
682,123,4.8,힐링
682,8,1.9,활기찬
682,75,4.1,활기찬
683,259,3.2,창의적인
683,473,3.3,창의적인
683,68,2.4,진지한
683,235,3.0,진지한
684,32,2.5,감성적인
684,337,4.4,에너지 넘치는
684,378,3.6,감성적인
684,385,3.4,즐거운
684,350,3.9,여유로운
685,136,3.3,활기찬
685,24,2.8,진지한
685,460,3.5,활기찬
685,357,3.8,감성적인
685,147,3.0,건강한
685,105,3.1,여유로운
686,406,2.7,진지한
686,437,4.7,창의적인
686,144,3.1,배움
687,435,5.0,여유로운
687,240,4.1,활기찬
687,272,3.4,여유로운
687,305,4.2,감성적인
687,271,2.8,즐거운
687,127,3.1,감성적인
687,224,2.1,감성적인
688,384,3.8,창의적인
688,252,4.0,진지한
688,237,1.4,에너지 넘치는
688,486,3.2,에너지 넘치는
689,148,3.4,여유로운
689,116,2.3,즐거운
689,406,4.4,진지한
690,112,2.6,활기찬
690,90,3.1,창의적인
690,280,2.7,진지한
690,193,4.5,감성적인
690,170,2.7,활기찬
691,265,4.0,여유로운
691,157,3.7,진지한
691,199,3.4,활기찬
691,110,3.1,감성적인
691,107,3.6,감성적인
692,305,4.3,즐거운
692,397,2.9,창의적인
692,211,2.5,여유로운
692,148,2.7,여유로운
692,410,4.9,여유로운
693,101,3.8,여유로운
693,437,2.7,창의적인
693,414,3.2,즐거운
694,19,4.4,감성적인
694,481,3.2,감성적인
694,362,2.4,즐거운
694,459,2.0,활기찬
695,191,4.2,즐거운
695,338,1.6,진지한
695,40,5.0,진지한
696,269,2.5,활기찬
696,358,2.9,활기찬
696,356,3.9,에너지 넘치는
696,245,5.0,즐거운
696,339,2.6,배움
696,471,2.8,건강한
696,420,4.3,창의적인
697,113,2.7,진지한
697,250,3.1,즐거운
697,362,5.0,즐거운
698,379,3.4,힐링
698,438,3.5,힐링
698,361,4.0,힐링
698,12,3.0,여유로운
699,9,3.3,힐링
699,230,3.8,힐링
699,292,3.2,감성적인
699,76,1.0,감성적인
699,268,2.6,여유로운
699,439,4.7,여유로운
700,40,4.7,여유로운
700,182,2.9,진지한
700,436,3.2,활기찬
700,92,4.2,여유로운
700,96,5.0,건강한
700,383,4.7,활기찬
701,429,4.4,힐링
701,53,4.7,창의적인
701,470,3.9,힐링
701,17,3.5,감성적인
701,55,3.6,배움
702,57,2.9,활기찬
702,3,2.3,진지한
702,298,2.1,진지한
702,437,3.4,창의적인
702,418,4.5,즐거운
702,74,3.8,활기찬
703,149,3.0,감성적인
703,236,1.5,힐링
703,346,3.0,즐거운
703,132,4.3,감성적인
703,290,3.3,즐거운
703,143,3.0,여유로운
703,2,4.7,진지한
704,84,3.9,감성적인
704,154,4.3,즐거운
704,424,1.1,여유로운
704,211,3.4,즐거운
704,38,2.7,진지한
705,373,3.5,감성적인
705,235,5.0,진지한
705,73,4.2,감성적인
705,493,5.0,진지한
705,268,2.7,여유로운
706,469,4.2,힐링
706,124,4.6,감성적인
706,196,4.4,활기찬
706,183,3.7,진지한
706,468,3.6,창의적인
707,366,2.7,창의적인
707,418,4.4,즐거운
707,381,3.9,창의적인
707,280,4.7,진지한
708,74,3.0,활기찬
708,277,2.9,활기찬
708,470,3.2,힐링
708,486,2.3,에너지 넘치는
708,222,1.6,활기찬
708,92,4.1,여유로운
709,463,4.4,에너지 넘치는
709,262,4.3,힐링
709,204,3.6,활기찬
709,193,5.0,배움
710,355,4.6,활기찬
710,31,4.8,건강한
710,32,2.1,여유로운
711,118,3.5,감성적인
711,185,2.1,여유로운
711,207,3.0,활기찬
711,48,2.3,여유로운
711,275,1.5,여유로운
711,105,2.8,여유로운
711,82,3.5,감성적인
712,215,3.8,여유로운
712,12,3.7,여유로운
712,305,3.1,즐거운
712,103,4.8,에너지 넘치는
713,100,3.8,활기찬
713,101,4.2,배움
713,249,5.0,여유로운
713,329,2.3,힐링
713,244,1.9,감성적인
714,292,3.6,감성적인
714,55,2.4,활기찬
714,439,2.2,여유로운
714,78,2.9,즐거운
714,476,3.5,창의적인
714,360,3.4,창의적인
714,392,3.2,창의적인
715,428,3.3,진지한
715,290,4.6,즐거운
715,381,4.0,창의적인
715,33,3.6,즐거운
715,328,3.9,활기찬
715,271,4.5,여유로운
716,34,5.0,즐거운
716,4,5.0,여유로운
716,414,2.8,즐거운
716,387,2.6,창의적인
716,462,2.6,에너지 넘치는
716,105,1.0,여유로운
717,35,3.8,힐링
717,349,3.3,활기찬
717,56,2.1,창의적인
717,365,1.7,힐링
717,107,1.4,여유로운
717,331,4.0,활기찬
718,222,2.8,활기찬
718,5,3.3,감성적인
718,463,2.8,즐거운
718,237,3.5,에너지 넘치는
718,489,2.5,창의적인
718,7,4.6,여유로운
719,191,4.9,힐링
719,438,2.9,힐링
719,88,4.0,즐거운
719,401,1.7,활기찬
719,382,3.4,힐링
719,44,4.1,여유로운
719,74,3.6,활기찬
720,246,2.1,감성적인
720,484,1.0,여유로운
720,191,3.2,여유로운
720,462,5.0,에너지 넘치는
720,102,4.8,여유로운
721,126,3.6,즐거운
721,152,3.2,에너지 넘치는
721,229,3.5,힐링
721,260,3.5,여유로운
721,128,2.8,창의적인
722,320,3.7,감성적인
722,456,3.1,진지한
722,321,5.0,에너지 넘치는
723,281,3.8,힐링
723,200,3.9,진지한
723,177,5.0,여유로운
723,477,3.0,즐거운
723,278,1.8,여유로운
724,235,4.5,진지한
724,90,3.9,창의적인
724,408,2.5,감성적인
724,212,2.3,즐거운
724,417,2.0,즐거운
725,458,5.0,활기찬
725,485,2.7,즐거운
725,133,3.5,활기찬
725,318,2.8,힐링
725,382,3.9,힐링
726,489,4.1,힐링
726,417,3.5,진지한
726,24,4.3,진지한
726,247,2.4,진지한
727,47,3.2,활기찬
727,48,4.0,여유로운
727,88,1.8,즐거운
727,79,5.0,활기찬
728,80,2.2,에너지 넘치는
728,76,4.2,감성적인
728,12,3.0,여유로운
728,260,2.8,여유로운
728,421,3.6,진지한
728,338,3.6,진지한
728,179,3.4,즐거운
729,363,2.3,진지한
729,444,3.5,활기찬
729,116,2.1,활기찬
729,462,5.0,에너지 넘치는
729,261,3.3,즐거운
729,143,3.3,여유로운
729,413,2.3,진지한
730,82,4.0,에너지 넘치는
730,27,2.2,건강한
730,95,5.0,진지한
731,25,4.7,창의적인
731,115,3.3,즐거운
731,325,3.8,진지한
731,435,3.6,여유로운
731,41,3.7,힐링
731,387,1.8,창의적인
732,56,4.1,창의적인
732,108,1.9,즐거운
732,98,3.7,활기찬
732,46,2.3,진지한
733,403,3.0,창의적인
733,139,2.6,즐거운
733,243,2.6,즐거운
734,384,3.0,창의적인
734,232,3.3,여유로운
734,212,3.7,즐거운
734,273,4.1,창의적인
734,277,3.5,창의적인
734,179,4.2,즐거운
734,318,4.2,힐링
735,423,3.6,여유로운
735,84,3.5,감성적인
735,115,2.2,즐거운
735,217,4.0,진지한
736,14,3.1,창의적인
736,258,3.8,에너지 넘치는
736,399,1.9,창의적인
736,335,4.5,힐링
736,12,4.1,감성적인
736,66,3.3,창의적인
736,402,3.4,에너지 넘치는
737,76,2.6,진지한
737,279,3.6,즐거운
737,468,2.7,창의적인
738,259,4.1,창의적인
738,424,4.1,여유로운
738,441,3.5,창의적인
738,493,1.7,여유로운
738,453,4.8,진지한
739,360,2.5,힐링
739,73,2.3,감성적인
739,154,4.4,여유로운
739,490,4.6,배움
740,220,1.8,즐거운
740,152,2.3,에너지 넘치는
740,132,3.5,힐링
740,404,4.5,창의적인
740,312,3.5,창의적인
741,94,3.4,여유로운
741,281,4.8,힐링
741,159,4.6,여유로운
741,59,2.9,힐링
741,453,3.8,진지한
741,352,3.6,힐링
741,329,4.2,힐링
742,390,3.7,건강한
742,270,1.5,창의적인
742,477,3.4,즐거운
742,291,2.9,힐링
742,313,4.6,힐링
743,445,1.4,건강한
743,19,3.4,감성적인
743,464,4.5,감성적인
743,411,3.4,활기찬
744,47,4.2,감성적인
744,468,3.4,창의적인
744,227,3.5,여유로운
744,65,4.9,여유로운
744,496,2.9,활기찬
744,80,4.8,에너지 넘치는
744,127,1.6,활기찬
745,428,1.9,진지한
745,163,3.7,즐거운
745,246,3.8,여유로운
745,136,4.5,활기찬
746,22,3.6,여유로운
746,439,2.8,건강한
746,375,3.4,활기찬
746,237,4.0,즐거운
746,423,5.0,여유로운
746,337,3.4,에너지 넘치는
746,475,4.0,여유로운
747,349,3.3,활기찬
747,332,3.8,에너지 넘치는
747,353,1.0,힐링
747,359,3.6,진지한
747,314,4.5,여유로운
747,254,4.9,진지한
747,227,4.3,여유로운
748,453,2.2,건강한
748,158,4.3,배움
748,73,4.6,감성적인
748,356,3.9,에너지 넘치는
748,415,3.8,활기찬
749,126,4.6,여유로운
749,233,1.8,창의적인
749,461,1.1,힐링
749,103,3.6,배움
750,474,2.8,힐링
750,150,5.0,진지한
750,188,2.6,활기찬
750,408,3.0,감성적인
750,375,3.2,건강한
750,422,3.5,진지한
750,385,4.3,즐거운
751,164,3.1,감성적인
751,420,3.1,창의적인
751,219,2.3,여유로운
752,15,2.0,활기찬
752,241,2.6,에너지 넘치는
752,9,4.8,여유로운
752,121,3.1,즐거운
752,344,3.6,여유로운
752,333,3.3,즐거운
752,443,2.4,여유로운
753,359,4.2,진지한
753,428,4.3,진지한
753,181,3.9,배움
754,325,4.0,진지한
754,376,2.3,감성적인
754,465,3.4,활기찬
755,26,4.1,활기찬
755,100,4.3,활기찬
755,330,4.2,힐링
755,85,4.1,에너지 넘치는
756,224,4.7,감성적인
756,422,2.1,진지한
756,181,2.8,활기찬
756,305,3.5,즐거운
756,347,3.4,힐링
756,195,3.0,활기찬
757,352,2.5,즐거운
757,392,2.9,창의적인
757,348,3.6,활기찬
758,421,4.1,진지한
758,296,3.6,창의적인
758,445,4.5,활기찬
758,376,3.9,감성적인
759,289,3.8,진지한
759,146,4.2,활기찬
759,451,2.8,즐거운
759,463,4.0,에너지 넘치는
759,70,2.8,활기찬
759,88,1.0,즐거운
760,90,4.0,창의적인
760,449,2.8,감성적인
760,253,2.6,감성적인
760,235,3.9,진지한
760,265,4.5,배움
761,497,4.4,활기찬
761,5,4.2,여유로운
761,461,5.0,힐링
761,463,5.0,에너지 넘치는
761,413,4.1,활기찬
762,182,3.8,진지한
762,157,3.5,진지한
762,480,3.7,창의적인
762,462,3.2,에너지 넘치는
762,204,4.7,활기찬
763,137,3.2,활기찬
763,333,3.3,힐링
763,410,4.3,배움
763,59,4.3,힐링
763,71,4.1,배움
763,214,2.7,에너지 넘치는
764,361,3.3,힐링
764,383,3.7,건강한
764,474,2.1,힐링
764,371,3.9,힐링
764,48,2.2,여유로운
764,337,3.4,에너지 넘치는
764,242,3.1,감성적인
765,492,3.6,창의적인
765,187,2.6,여유로운
765,214,3.9,활기찬
765,22,3.1,여유로운
765,368,4.5,감성적인
766,97,3.5,즐거운
766,291,3.1,건강한
766,73,4.4,활기찬
766,46,1.8,즐거운
766,322,2.7,창의적인
766,41,2.7,건강한
766,497,2.2,활기찬
767,323,3.5,힐링
767,27,2.2,힐링
767,13,3.6,여유로운
767,178,3.4,힐링
767,401,3.7,활기찬
767,117,3.1,활기찬
768,304,3.6,진지한
768,206,4.6,즐거운
768,308,2.9,활기찬
769,154,4.5,여유로운
769,97,3.3,즐거운
769,401,4.4,활기찬
769,443,3.4,여유로운
769,175,3.1,여유로운
770,392,4.8,창의적인
770,355,2.5,활기찬
770,205,2.7,활기찬
770,178,5.0,즐거운
770,336,4.9,에너지 넘치는
770,200,3.6,진지한
770,95,4.5,진지한
771,466,4.3,진지한
771,238,4.5,활기찬
771,494,4.0,활기찬
771,140,2.2,힐링
771,42,3.8,에너지 넘치는
771,493,5.0,여유로운
771,256,4.9,힐링
772,270,4.2,창의적인
772,303,4.3,에너지 넘치는
772,78,4.4,즐거운
772,42,4.9,에너지 넘치는
772,367,2.6,여유로운
773,134,3.5,힐링
773,312,2.1,창의적인
773,111,3.0,에너지 넘치는
773,499,4.3,감성적인
774,127,2.5,감성적인
774,236,2.7,여유로운
774,141,2.8,활기찬
774,318,4.1,힐링
774,43,2.9,배움
774,91,3.0,힐링
774,142,4.8,여유로운
775,191,4.5,여유로운
775,257,4.0,에너지 넘치는
775,274,2.1,여유로운
776,337,3.7,에너지 넘치는
776,15,3.9,활기찬
776,243,2.9,즐거운
777,466,3.7,활기찬
777,277,3.8,창의적인
777,325,3.1,진지한
777,127,4.9,감성적인
777,374,2.0,즐거운
778,329,2.8,힐링
778,169,3.9,활기찬
778,121,3.3,즐거운
778,371,3.9,힐링
778,499,3.5,감성적인
778,469,2.6,진지한
779,306,2.9,감성적인
779,109,2.4,진지한
779,218,4.6,힐링
779,127,4.0,감성적인
779,359,3.5,진지한
780,388,2.2,활기찬
780,283,3.7,감성적인
780,342,3.8,여유로운
780,57,2.8,건강한
780,267,4.7,에너지 넘치는
780,306,3.4,감성적인
781,201,5.0,즐거운
781,86,2.8,힐링
781,53,3.9,창의적인
781,397,4.0,즐거운
782,409,4.0,즐거운
782,214,3.3,에너지 넘치는
782,420,3.1,창의적인
783,267,3.1,즐거운
783,142,2.7,배움
783,158,3.1,에너지 넘치는
783,367,5.0,여유로운
783,476,3.0,창의적인
783,455,3.9,감성적인
784,307,1.9,여유로운
784,314,3.8,여유로운
784,177,4.7,여유로운
784,481,3.2,감성적인
785,499,2.1,감성적인
785,278,1.9,여유로운
785,47,3.9,감성적인
785,438,3.5,힐링
785,463,1.8,활기찬
785,485,2.7,즐거운
786,51,5.0,창의적인
786,451,4.1,즐거운
786,34,2.4,즐거운
786,371,3.2,힐링
786,418,1.8,즐거운
786,383,3.5,활기찬
787,423,4.8,여유로운
787,217,2.8,진지한
787,196,2.4,활기찬
788,276,2.7,건강한
788,321,2.6,에너지 넘치는
788,182,3.6,진지한
788,448,4.2,여유로운
788,328,3.9,활기찬
788,79,3.6,활기찬
788,106,4.1,여유로운
789,49,1.8,진지한
789,28,3.1,감성적인
789,291,4.2,힐링
789,172,2.6,창의적인
790,481,4.2,활기찬
790,369,3.6,진지한
790,40,2.7,여유로운
790,322,3.6,여유로운
790,496,2.3,활기찬
791,396,3.3,창의적인
791,36,4.1,에너지 넘치는
791,498,3.4,힐링
791,273,3.3,창의적인
791,157,3.0,진지한
791,127,3.5,감성적인
791,266,2.3,여유로운
792,411,3.4,건강한
792,140,4.6,진지한
792,410,5.0,여유로운
793,131,5.0,여유로운
793,435,4.4,여유로운
793,17,5.0,감성적인
793,213,3.9,즐거운
794,384,1.4,배움
794,64,2.9,즐거운
794,411,2.1,활기찬
794,168,3.1,여유로운
794,337,3.8,에너지 넘치는
794,341,3.0,진지한
795,230,4.3,즐거운
795,213,3.4,즐거운
795,133,4.7,활기찬
795,85,2.1,에너지 넘치는
795,205,3.5,여유로운
796,135,3.4,여유로운
796,202,4.3,여유로운
796,477,3.4,즐거운
796,161,4.2,여유로운
796,283,4.7,감성적인
796,300,3.3,감성적인
797,365,3.9,힐링
797,329,3.7,힐링
797,12,3.0,여유로운
797,366,3.1,창의적인
797,433,5.0,힐링
797,356,4.3,에너지 넘치는
797,439,3.7,즐거운
798,465,4.3,여유로운
798,63,3.9,창의적인
798,129,4.7,힐링
798,90,3.6,창의적인
798,132,3.2,여유로운
799,50,4.9,즐거운
799,179,2.8,즐거운
799,210,3.0,힐링
799,43,3.0,감성적인
799,217,3.8,진지한
799,266,3.5,여유로운
799,168,4.6,여유로운
800,158,2.0,감성적인
800,52,4.3,여유로운
800,418,2.9,즐거운
800,103,4.1,감성적인
800,102,3.3,여유로운
800,131,5.0,여유로운
801,475,2.7,여유로운
801,43,3.4,감성적인
801,457,3.3,즐거운
801,247,2.5,진지한
802,397,5.0,창의적인
802,411,1.6,활기찬
802,446,4.3,힐링
802,476,2.2,창의적인
802,347,4.6,힐링
802,201,3.7,힐링
802,319,4.9,감성적인
803,421,3.3,진지한
803,213,2.3,감성적인
803,401,4.0,활기찬
803,203,3.5,즐거운
803,3,3.3,진지한
804,266,4.7,여유로운
804,157,3.8,진지한
804,408,2.7,힐링
804,457,4.1,즐거운
804,176,2.2,힐링
804,274,4.3,여유로운
804,58,2.5,창의적인
805,395,4.1,힐링
805,141,4.7,즐거운
805,431,3.1,창의적인
806,346,4.0,즐거운
806,424,2.9,여유로운
806,180,3.5,감성적인
806,494,3.9,활기찬
806,257,3.8,여유로운
806,296,3.2,창의적인
806,229,3.3,감성적인
807,375,2.4,여유로운
807,380,3.6,여유로운
807,227,3.9,여유로운
807,270,4.1,창의적인
807,286,2.9,배움
807,120,4.1,여유로운
808,254,3.9,진지한
808,232,3.6,여유로운
808,316,5.0,건강한
808,438,3.3,여유로운
808,341,2.5,여유로운
808,472,4.5,감성적인
809,21,3.0,진지한
809,13,4.5,여유로운
809,366,3.7,창의적인
809,493,4.6,여유로운
809,264,3.7,활기찬
810,455,3.1,감성적인
810,409,1.6,즐거운
810,498,2.0,힐링
810,430,4.5,여유로운
811,227,3.5,여유로운
811,480,1.9,창의적인
811,380,3.6,건강한
811,419,3.7,여유로운
811,365,2.7,힐링
811,477,4.5,즐거운
812,248,3.4,여유로운
812,290,4.2,즐거운
812,45,3.1,감성적인
812,268,3.6,여유로운
812,393,4.8,즐거운
812,298,2.4,즐거운
812,316,5.0,즐거운
813,321,4.3,에너지 넘치는
813,419,4.9,여유로운
813,190,2.8,활기찬
813,126,2.2,즐거운
813,306,5.0,건강한
813,467,3.2,여유로운
814,346,3.3,즐거운
814,243,3.1,여유로운
814,73,4.5,감성적인
815,229,4.3,감성적인
815,83,4.7,에너지 넘치는
815,77,4.1,진지한
815,93,2.1,즐거운
815,195,4.2,활기찬
815,242,3.7,감성적인
815,132,3.5,힐링
816,402,2.8,에너지 넘치는
816,93,3.0,감성적인
816,55,3.6,활기찬
816,366,4.3,창의적인
816,305,3.0,즐거운
816,304,4.8,활기찬
817,284,4.9,즐거운
817,413,4.4,진지한
817,341,4.1,진지한
817,458,3.3,활기찬
817,376,2.8,감성적인
817,368,3.1,감성적인
818,456,4.6,진지한
818,128,4.0,창의적인
818,424,2.2,여유로운
818,341,4.2,진지한
818,436,3.0,활기찬
818,284,3.8,즐거운
818,416,3.7,여유로운
819,182,2.4,진지한
819,88,3.3,즐거운
819,215,3.1,여유로운
819,191,4.1,여유로운
819,228,2.3,즐거운
819,433,2.8,힐링
819,76,4.8,건강한
820,154,3.4,배움
820,337,5.0,에너지 넘치는
820,407,1.6,진지한
820,305,4.9,활기찬
820,181,3.7,활기찬
821,246,4.2,감성적인
821,360,3.3,창의적인
821,396,5.0,배움
821,71,2.3,감성적인
821,74,4.7,활기찬
821,311,1.6,활기찬
821,271,2.1,즐거운
822,25,4.8,창의적인
822,303,4.1,활기찬
822,472,3.1,감성적인
822,188,3.7,활기찬
823,240,3.1,활기찬
823,35,4.8,여유로운
823,368,5.0,감성적인
823,51,3.3,창의적인
823,210,4.0,힐링
823,444,4.4,건강한
823,452,3.7,창의적인
824,431,3.1,활기찬
824,239,4.3,힐링
824,165,3.9,활기찬
824,96,3.9,활기찬
824,162,5.0,창의적인
824,93,4.1,감성적인
824,277,5.0,창의적인
825,472,3.3,감성적인
825,379,5.0,감성적인
825,441,3.9,건강한
825,24,3.8,진지한
826,244,2.8,감성적인
826,304,3.9,감성적인
826,157,2.4,진지한
827,465,1.0,활기찬
827,285,1.5,창의적인
827,109,1.5,진지한
827,273,2.7,창의적인
827,158,3.4,에너지 넘치는
828,26,4.1,감성적인
828,138,2.8,힐링
828,479,2.5,진지한
828,305,5.0,즐거운
828,352,5.0,즐거운
828,282,3.4,힐링
828,400,3.8,활기찬
829,267,4.4,배움
829,5,2.9,여유로운
829,33,2.9,즐거운
829,324,2.2,여유로운
829,27,3.7,진지한
829,277,5.0,창의적인
829,122,4.6,힐링
830,10,4.3,창의적인
830,167,3.6,활기찬
830,395,4.4,힐링
830,465,3.8,활기찬
830,499,2.4,감성적인
830,8,2.7,활기찬
831,387,4.0,창의적인
831,15,3.6,활기찬
831,57,5.0,활기찬
831,210,4.4,즐거운
832,332,3.9,에너지 넘치는
832,473,2.7,창의적인
832,439,3.9,감성적인
832,158,4.3,에너지 넘치는
833,147,3.6,힐링
833,63,2.8,건강한
833,246,3.6,감성적인
833,213,5.0,여유로운
833,267,2.8,에너지 넘치는
833,324,2.6,여유로운
833,316,3.2,즐거운
834,475,3.2,여유로운
834,128,2.5,창의적인
834,409,1.1,즐거운
834,394,3.6,활기찬
835,367,2.4,여유로운
835,358,5.0,활기찬
835,137,2.5,여유로운
835,116,3.4,활기찬
835,161,4.5,여유로운
835,311,2.6,진지한
835,187,2.3,힐링
836,48,4.8,여유로운
836,228,3.5,즐거운
836,180,4.8,감성적인
836,133,3.3,활기찬
836,396,1.5,활기찬
836,481,4.4,감성적인
837,313,2.9,힐링
837,306,4.2,감성적인
837,394,3.9,활기찬
838,60,3.7,여유로운
838,232,3.8,여유로운
838,137,2.4,여유로운
838,136,3.0,활기찬
838,493,4.0,여유로운
838,244,3.7,감성적인
839,474,4.2,힐링
839,192,3.4,여유로운
839,16,4.9,건강한
840,312,4.6,힐링
840,229,4.3,감성적인
840,292,2.9,감성적인
840,153,1.9,활기찬
840,458,4.0,즐거운
841,374,2.9,활기찬
841,378,4.8,진지한
841,72,2.9,여유로운
841,297,3.9,활기찬
842,288,3.2,힐링
842,221,3.5,힐링
842,408,3.4,감성적인
842,227,3.9,여유로운
842,479,2.9,진지한
842,250,4.4,에너지 넘치는
842,434,5.0,창의적인
843,444,4.8,활기찬
843,151,2.4,감성적인
843,190,5.0,활기찬
844,247,4.2,진지한
844,204,3.2,배움
844,43,4.3,감성적인
844,157,5.0,진지한
845,94,4.8,여유로운
845,49,5.0,진지한
845,198,3.8,감성적인
845,206,3.5,즐거운
845,7,3.1,여유로운
845,323,3.0,힐링
846,307,3.1,여유로운
846,76,1.9,감성적인
846,142,1.0,여유로운
846,286,4.2,감성적인
847,236,2.7,감성적인
847,63,4.2,창의적인
847,348,3.0,활기찬
847,225,2.9,에너지 넘치는
848,169,2.6,활기찬
848,261,4.2,즐거운
848,20,4.2,진지한
848,427,4.5,감성적인
848,437,4.4,진지한
849,140,2.9,힐링
849,471,4.3,진지한
849,436,3.8,활기찬
850,224,3.0,감성적인
850,82,4.0,에너지 넘치는
850,158,2.4,에너지 넘치는
850,492,2.4,창의적인
850,328,3.8,활기찬
850,282,2.5,건강한
851,16,4.6,창의적인
851,384,2.1,창의적인
851,460,3.1,활기찬
852,255,5.0,활기찬
852,300,4.1,배움
852,235,3.0,진지한
852,296,4.9,창의적인
853,387,2.8,감성적인
853,448,4.4,여유로운
853,217,1.8,진지한
853,16,3.6,힐링
853,478,3.1,여유로운
853,49,3.5,진지한
853,77,2.8,진지한
854,489,4.6,창의적인
854,81,4.3,여유로운
854,282,3.1,힐링
854,48,3.5,여유로운
855,500,2.1,즐거운
855,303,4.3,감성적인
855,318,2.4,힐링
855,498,5.0,여유로운
855,158,2.8,에너지 넘치는
855,11,3.4,즐거운
856,137,4.6,여유로운
856,208,1.9,활기찬
856,65,3.3,건강한
856,74,4.3,활기찬
856,174,2.8,진지한
857,198,1.8,감성적인
857,458,4.8,여유로운
857,472,3.7,감성적인
857,159,2.4,여유로운
857,359,3.6,진지한
858,35,4.7,여유로운
858,53,2.1,창의적인
858,423,2.7,여유로운
858,324,2.3,힐링
858,189,3.9,감성적인
858,197,2.1,창의적인
859,6,4.3,건강한
859,317,3.3,활기찬
859,357,3.1,감성적인
859,436,3.5,활기찬
860,481,1.5,감성적인
860,110,3.1,감성적인
860,123,2.5,진지한
860,1,4.4,창의적인
860,265,3.7,여유로운
861,238,2.0,활기찬
861,398,3.0,진지한
861,189,4.1,감성적인
861,24,3.9,건강한
862,42,2.3,에너지 넘치는
862,232,3.2,여유로운
862,264,3.2,활기찬
862,323,2.5,힐링
862,53,2.3,창의적인
863,462,3.8,에너지 넘치는
863,415,2.3,활기찬
863,231,3.9,힐링
863,197,4.9,힐링
864,165,4.5,활기찬
864,204,2.0,활기찬
864,476,3.0,진지한
864,293,2.9,힐링
864,220,2.6,즐거운
864,53,4.2,힐링
864,193,4.1,감성적인
865,355,2.5,여유로운
865,39,4.0,즐거운
865,487,1.7,진지한
865,500,4.0,즐거운
866,146,3.2,활기찬
866,181,4.6,활기찬
866,305,4.1,진지한
866,313,4.8,힐링
866,60,3.9,배움
866,273,4.3,창의적인
866,87,2.7,힐링
867,450,3.0,즐거운
867,300,2.2,감성적인
867,355,3.9,감성적인
867,112,2.6,활기찬
867,15,5.0,활기찬
867,209,3.7,활기찬
867,277,4.5,창의적인
868,40,3.0,건강한
868,240,3.3,활기찬
868,108,4.1,활기찬
869,77,3.3,진지한
869,456,2.1,진지한
869,182,4.0,진지한
869,479,2.0,진지한
870,476,2.4,창의적인
870,485,2.2,즐거운
870,413,3.6,진지한
870,493,3.9,여유로운
870,456,4.0,진지한
871,474,2.5,힐링
871,494,3.5,활기찬
871,43,3.3,감성적인
871,83,2.3,에너지 넘치는
871,72,2.6,여유로운
872,149,3.2,활기찬
872,157,3.9,진지한
872,430,4.9,여유로운
872,61,1.6,여유로운
873,378,5.0,진지한
873,48,3.9,즐거운
873,83,3.2,에너지 넘치는
873,5,3.1,여유로운
873,370,3.6,활기찬
873,497,2.4,활기찬
874,480,3.8,창의적인
874,462,3.3,에너지 넘치는
874,350,3.5,힐링
874,289,1.0,진지한
875,212,5.0,즐거운
875,420,2.3,창의적인
875,385,4.3,즐거운
876,145,4.2,활기찬
876,41,3.2,활기찬
876,119,3.5,진지한
876,381,4.4,창의적인
877,150,3.5,진지한
877,292,3.6,감성적인
877,476,3.7,창의적인
877,109,2.3,진지한
878,317,4.6,활기찬
878,167,3.6,활기찬
878,29,2.1,감성적인
878,233,4.6,창의적인
878,229,4.3,감성적인
878,257,2.6,에너지 넘치는
878,434,3.6,창의적인
879,430,4.9,진지한
879,180,4.5,건강한
879,178,3.0,힐링
879,452,2.5,활기찬
880,64,4.6,즐거운
880,248,1.3,건강한
880,463,2.2,에너지 넘치는
880,242,3.5,감성적인
880,110,5.0,감성적인
881,212,2.5,배움
881,205,3.9,활기찬
881,182,3.4,여유로운
881,410,5.0,건강한
881,445,3.0,여유로운
882,451,4.0,진지한
882,358,4.5,활기찬
882,225,2.5,에너지 넘치는
882,405,3.2,창의적인
882,278,4.1,여유로운
882,322,2.8,창의적인
882,475,2.2,여유로운
883,14,3.6,창의적인
883,328,4.1,진지한
883,395,4.0,힐링
883,166,3.5,활기찬
883,472,4.9,감성적인
883,33,2.7,즐거운
884,417,4.0,힐링
884,498,2.3,여유로운
884,374,4.3,활기찬
884,104,4.0,여유로운
884,15,3.3,즐거운
884,336,4.0,에너지 넘치는
884,250,2.8,에너지 넘치는
885,313,3.7,힐링
885,479,4.5,건강한
885,114,4.5,진지한
885,246,5.0,감성적인
885,142,5.0,여유로운
885,345,3.5,여유로운
886,214,3.4,에너지 넘치는
886,370,2.8,활기찬
886,445,3.5,여유로운
886,14,4.9,창의적인
886,449,3.0,감성적인
887,378,3.2,배움
887,357,3.1,감성적인
887,499,3.8,배움
887,178,4.3,힐링
887,183,2.3,활기찬
887,198,3.2,감성적인
888,241,5.0,에너지 넘치는
888,341,4.9,진지한
888,24,1.3,배움
888,103,3.3,배움
888,102,3.8,여유로운
888,417,1.6,힐링
889,145,2.9,활기찬
889,129,2.2,힐링
889,398,5.0,진지한
889,185,3.8,창의적인
890,354,3.5,여유로운
890,299,5.0,감성적인
890,345,5.0,여유로운
890,196,3.0,배움
891,126,4.6,여유로운
891,29,2.6,감성적인
891,252,2.5,힐링
892,95,2.2,진지한
892,108,5.0,즐거운
892,23,4.1,즐거운
892,327,3.1,즐거운
892,355,2.6,활기찬
892,172,4.0,배움
892,497,3.0,활기찬
893,496,4.0,활기찬
893,326,2.8,창의적인
893,141,3.9,활기찬
893,26,3.5,감성적인
893,18,2.6,창의적인
893,13,3.0,여유로운
893,15,4.5,활기찬
894,398,4.2,진지한
894,71,4.3,감성적인
894,198,3.0,즐거운
895,245,3.9,즐거운
895,224,3.0,감성적인
895,141,4.4,활기찬
896,28,5.0,힐링
896,67,2.0,감성적인
896,410,3.5,여유로운
896,240,3.3,활기찬
896,315,5.0,배움
897,19,3.8,감성적인
897,85,4.3,에너지 넘치는
897,348,3.4,활기찬
897,25,4.3,창의적인
897,362,3.1,즐거운
897,423,2.7,여유로운
898,288,3.7,진지한
898,120,2.6,여유로운
898,128,3.7,창의적인
898,16,2.5,창의적인
898,284,4.1,즐거운
898,13,3.6,여유로운
899,377,2.4,배움
899,223,3.2,즐거운
899,367,5.0,여유로운
899,461,2.1,힐링
899,212,4.6,즐거운
899,492,2.4,힐링
900,276,4.5,감성적인
900,126,5.0,진지한
900,87,3.8,힐링
900,105,3.2,여유로운
901,115,4.5,즐거운
901,411,2.3,활기찬
901,286,5.0,감성적인
901,234,3.2,창의적인
901,77,3.7,진지한
902,497,1.7,활기찬
902,289,3.1,진지한
902,94,2.6,여유로운
902,257,3.6,에너지 넘치는
902,100,3.1,활기찬
902,343,5.0,진지한
903,120,4.7,여유로운
903,71,5.0,배움
903,92,4.6,여유로운
903,308,3.9,배움
903,358,4.7,배움
903,209,2.9,활기찬
904,46,2.3,즐거운
904,185,4.0,창의적인
904,347,3.6,힐링
904,291,1.9,힐링
904,354,4.1,즐거운
905,439,3.3,건강한
905,490,2.4,여유로운
905,101,3.6,여유로운
905,59,4.7,힐링
905,401,4.1,활기찬
906,122,1.5,힐링
906,203,3.8,즐거운
906,160,4.5,창의적인
906,204,3.1,활기찬
906,316,3.5,진지한
906,153,4.1,활기찬
906,452,4.0,창의적인
907,340,2.2,진지한
907,451,4.1,배움
907,85,3.0,에너지 넘치는
907,476,4.5,건강한
908,267,4.0,에너지 넘치는
908,152,3.5,감성적인
908,50,3.0,여유로운
908,81,2.4,여유로운
908,98,5.0,활기찬
908,391,2.7,즐거운
909,213,2.3,즐거운
909,21,3.6,진지한
909,234,2.6,건강한
909,140,4.3,힐링
910,141,5.0,진지한
910,472,2.3,감성적인
910,51,2.3,창의적인
910,209,4.0,활기찬
910,400,4.8,활기찬
911,57,3.0,배움
911,12,3.3,여유로운
911,239,3.3,힐링
911,151,3.5,힐링
911,284,3.9,즐거운
911,140,4.8,건강한
911,45,4.6,창의적인
912,294,3.5,힐링
912,476,3.0,활기찬
912,366,4.5,진지한
912,235,3.7,진지한
912,139,2.9,활기찬
912,94,2.6,여유로운
912,33,5.0,즐거운
913,246,3.4,감성적인
913,99,2.3,여유로운
913,383,2.6,활기찬
913,287,3.8,창의적인
914,420,4.5,창의적인
914,125,4.5,창의적인
914,278,4.1,여유로운
914,438,3.3,힐링
914,261,3.5,즐거운
915,43,2.7,감성적인
915,489,3.1,창의적인
915,444,3.6,즐거운
915,64,3.6,즐거운
916,261,4.0,즐거운
916,141,2.6,활기찬
916,1,2.8,창의적인
916,356,4.0,에너지 넘치는
916,12,4.0,즐거운
916,459,3.3,활기찬
917,174,4.1,진지한
917,354,2.7,여유로운
917,26,2.9,감성적인
917,150,4.1,진지한
917,28,2.0,힐링
917,463,3.2,즐거운
917,148,3.4,감성적인
918,169,1.9,진지한
918,245,3.6,즐거운
918,181,2.1,힐링
918,437,3.9,활기찬
918,290,2.3,감성적인
918,413,4.2,진지한
918,87,3.2,힐링
919,414,4.3,즐거운
919,441,2.8,창의적인
919,232,2.9,여유로운
920,3,3.2,진지한
920,169,3.7,활기찬
920,285,5.0,창의적인
920,389,2.5,진지한
920,364,3.0,진지한
920,473,4.5,감성적인
921,306,2.4,감성적인
921,35,5.0,진지한
921,376,4.6,감성적인
921,478,1.9,활기찬
921,320,4.0,감성적인
921,67,1.8,감성적인
921,187,1.0,배움
922,278,3.1,활기찬
922,56,3.4,창의적인
922,172,2.8,창의적인
922,95,2.3,진지한
922,25,3.4,힐링
923,77,3.1,진지한
923,374,1.9,활기찬
923,101,5.0,여유로운
923,37,4.3,창의적인
923,295,2.9,감성적인
924,305,3.4,즐거운
924,41,3.3,즐거운
924,456,2.7,진지한
924,2,4.1,진지한
925,196,2.4,활기찬
925,451,1.9,즐거운
925,259,3.0,창의적인
925,136,3.9,활기찬
926,205,2.2,활기찬
926,20,4.6,진지한
926,68,3.4,여유로운
926,406,3.5,힐링
927,285,3.8,창의적인
927,172,3.3,창의적인
927,20,2.3,진지한
927,351,3.2,건강한
928,335,2.6,힐링
928,487,2.5,에너지 넘치는
928,77,4.9,진지한
928,246,3.1,감성적인
928,65,3.0,건강한
928,402,4.2,에너지 넘치는
928,493,3.8,여유로운
929,171,3.2,진지한
929,334,1.5,여유로운
929,257,5.0,에너지 넘치는
930,269,2.1,활기찬
930,499,2.5,감성적인
930,97,2.9,즐거운
930,179,5.0,즐거운
930,80,4.3,에너지 넘치는
930,19,4.0,감성적인
931,170,4.5,여유로운
931,420,3.0,창의적인
931,331,1.2,진지한
931,270,3.6,창의적인
931,101,4.4,여유로운
931,397,1.9,창의적인
932,435,5.0,여유로운
932,181,4.0,활기찬
932,92,4.1,여유로운
932,55,3.2,활기찬
932,366,2.9,창의적인
933,468,2.7,창의적인
933,445,2.9,즐거운
933,246,4.2,감성적인
933,131,2.0,배움
934,288,3.6,진지한
934,263,5.0,진지한
934,134,4.6,힐링
934,480,1.8,창의적인
934,491,3.3,진지한
934,75,3.2,즐거운
934,287,3.1,창의적인
935,139,3.9,건강한
935,2,3.4,배움
935,454,3.3,힐링
935,419,4.5,여유로운
935,388,3.6,활기찬
935,23,3.5,즐거운
936,465,1.8,활기찬
936,160,3.1,힐링
936,405,3.1,창의적인
936,272,2.3,여유로운
936,65,3.8,여유로운
936,204,4.3,활기찬
937,49,3.8,진지한
937,180,4.1,감성적인
937,460,3.8,활기찬
937,433,3.2,진지한
937,414,3.4,즐거운
937,326,3.8,배움
937,304,2.1,활기찬
938,439,2.7,여유로운
938,348,4.4,활기찬
938,192,3.3,여유로운
938,391,3.1,즐거운
939,46,4.0,즐거운
939,439,3.4,여유로운
939,328,4.4,활기찬
939,323,2.4,힐링
939,300,1.6,감성적인
940,322,3.4,활기찬
940,383,5.0,즐거운
940,26,3.9,감성적인
940,68,3.0,진지한
940,156,4.3,창의적인
940,485,2.0,즐거운
941,302,3.9,여유로운
941,422,3.1,진지한
941,412,3.5,즐거운
941,96,4.3,활기찬
941,129,1.6,힐링
941,16,3.0,창의적인
942,70,1.7,활기찬
942,423,3.0,여유로운
942,385,4.2,즐거운
942,220,5.0,건강한
942,234,2.9,즐거운
943,60,3.7,여유로운
943,479,4.2,진지한
943,464,3.4,감성적인
943,148,3.4,여유로운
943,382,4.5,힐링
944,327,5.0,건강한
944,160,2.9,창의적인
944,365,1.3,힐링
944,497,2.4,배움
944,102,3.2,여유로운
944,433,1.3,힐링
944,216,2.2,감성적인
945,33,3.5,즐거운
945,419,4.0,배움
945,282,2.1,활기찬
945,442,2.9,힐링
946,120,3.0,여유로운
946,240,3.5,활기찬
946,223,2.2,여유로운
947,319,2.7,즐거운
947,28,2.0,힐링
947,324,3.7,여유로운
948,29,3.0,즐거운
948,3,4.8,진지한
948,192,3.4,여유로운
948,55,3.1,활기찬
949,257,4.2,에너지 넘치는
949,500,3.4,즐거운
949,29,3.4,감성적인
949,278,2.3,건강한
950,88,4.7,활기찬
950,33,3.1,즐거운
950,386,3.1,힐링
950,413,4.8,진지한
950,453,4.1,진지한
951,324,4.1,여유로운
951,372,2.6,진지한
951,293,3.1,감성적인
952,210,2.7,힐링
952,69,3.7,창의적인
952,336,4.1,에너지 넘치는
952,156,2.5,창의적인
952,52,2.4,여유로운
952,157,3.7,배움
952,185,3.6,창의적인
953,204,2.2,활기찬
953,293,2.9,힐링
953,8,3.5,활기찬
953,283,2.7,감성적인
954,236,3.0,여유로운
954,57,4.3,활기찬
954,258,4.8,에너지 넘치는
954,88,4.8,즐거운
954,84,4.8,감성적인
954,99,3.3,여유로운
954,380,5.0,여유로운
955,395,3.6,힐링
955,370,4.3,감성적인
955,212,2.6,여유로운
955,96,3.9,활기찬
956,130,1.5,힐링
956,163,4.2,즐거운
956,333,3.9,힐링
956,111,2.9,에너지 넘치는
956,95,2.5,진지한
957,179,2.8,즐거운
957,450,4.0,즐거운
957,430,4.4,여유로운
957,489,4.0,창의적인
958,64,2.3,즐거운
958,69,2.8,창의적인
958,106,4.6,힐링
959,411,2.7,활기찬
959,346,2.6,즐거운
959,62,1.8,창의적인
959,128,4.2,창의적인
960,410,3.9,여유로운
960,350,3.9,힐링
960,110,2.7,감성적인
960,91,2.9,힐링
960,337,2.8,에너지 넘치는
960,318,3.5,힐링
961,219,3.5,여유로운
961,158,3.0,에너지 넘치는
961,100,5.0,활기찬
961,6,2.0,감성적인
961,238,3.6,활기찬
961,142,2.0,여유로운
961,208,4.8,진지한
962,355,4.2,활기찬
962,171,3.7,감성적인
962,254,4.0,진지한
963,213,2.4,즐거운
963,385,5.0,즐거운
963,300,4.0,감성적인
963,320,3.8,감성적인
963,237,5.0,배움
963,66,4.1,즐거운
963,440,3.8,힐링
964,57,2.3,활기찬
964,148,4.2,즐거운
964,251,2.3,즐거운
964,101,3.0,여유로운
965,220,3.9,즐거운
965,136,2.6,활기찬
965,278,5.0,즐거운
965,354,4.1,여유로운
966,224,2.4,감성적인
966,361,4.0,힐링
966,337,3.0,에너지 넘치는
966,433,1.7,힐링
967,210,3.2,건강한
967,157,3.5,진지한
967,98,2.1,활기찬
967,177,5.0,여유로운
968,277,1.2,창의적인
968,322,2.8,활기찬
968,306,2.3,감성적인
968,284,2.4,즐거운
969,178,2.6,힐링
969,42,4.2,에너지 넘치는
969,135,3.4,여유로운
969,88,3.9,힐링
970,458,3.5,활기찬
970,375,5.0,여유로운
970,96,2.6,힐링
970,227,4.7,여유로운
970,498,2.5,여유로운
971,61,3.1,여유로운
971,472,1.9,감성적인
971,406,2.2,진지한
971,330,3.9,힐링
972,105,3.4,힐링
972,65,3.5,여유로운
972,373,2.7,감성적인
972,468,3.0,창의적인
972,279,4.7,즐거운
972,310,2.6,즐거운
972,140,2.5,힐링
973,439,3.5,여유로운
973,397,3.4,창의적인
973,393,1.8,여유로운
974,63,1.5,창의적인
974,421,3.4,진지한
974,363,2.0,진지한
974,69,3.3,창의적인
974,319,4.9,건강한
975,316,3.3,감성적인
975,291,3.6,힐링
975,19,2.9,힐링
975,254,3.5,진지한
976,5,3.4,여유로운
976,339,2.9,여유로운
976,332,3.5,감성적인
976,403,4.0,창의적인
976,3,3.9,여유로운
976,91,3.9,힐링
977,116,2.5,여유로운
977,283,5.0,감성적인
977,22,3.4,여유로운
977,396,3.1,창의적인
978,103,5.0,에너지 넘치는
978,182,2.4,진지한
978,425,4.2,진지한
978,62,3.9,창의적인
979,21,3.7,진지한
979,158,2.6,힐링
979,376,3.4,감성적인
979,111,1.8,진지한
980,287,2.8,힐링
980,198,2.5,즐거운
980,125,5.0,창의적인
980,57,3.9,활기찬
981,410,2.6,여유로운
981,141,4.6,배움
981,401,1.4,활기찬
981,351,4.6,배움
981,388,2.8,활기찬
981,353,4.8,힐링
981,144,1.9,진지한
982,40,3.8,여유로운
982,290,3.3,즐거운
982,398,4.1,진지한
982,483,3.7,여유로운
982,91,2.3,힐링
982,3,2.9,진지한
982,232,5.0,여유로운
983,310,3.9,즐거운
983,163,3.4,즐거운
983,212,3.1,즐거운
983,11,3.2,즐거운
984,458,3.7,활기찬
984,387,3.1,창의적인
984,373,2.6,감성적인
984,65,5.0,여유로운
984,422,2.8,진지한
985,132,4.0,힐링
985,354,3.0,여유로운
985,19,3.9,감성적인
986,352,4.2,즐거운
986,63,3.7,창의적인
986,384,3.8,감성적인
986,91,4.2,힐링
987,433,2.8,배움
987,69,3.4,창의적인
987,161,2.1,여유로운
987,484,2.8,진지한
988,110,3.6,감성적인
988,290,4.8,배움
988,117,2.5,활기찬
989,123,4.1,진지한
989,369,2.7,진지한
989,216,5.0,감성적인
989,278,3.5,여유로운
989,196,3.4,활기찬
989,233,3.3,진지한
989,458,3.8,활기찬
990,79,5.0,활기찬
990,362,2.8,즐거운
990,350,3.6,활기찬
991,129,1.1,건강한
991,457,1.5,즐거운
991,258,5.0,에너지 넘치는
991,420,4.6,창의적인
991,203,2.6,즐거운
991,204,3.6,활기찬
992,285,2.7,창의적인
992,354,3.2,여유로운
992,66,5.0,창의적인
992,78,3.3,감성적인
992,318,3.2,힐링
992,95,3.1,진지한
992,297,3.0,활기찬
993,190,2.6,활기찬
993,144,4.0,진지한
993,98,4.4,활기찬
993,262,5.0,힐링
994,329,2.8,즐거운
994,213,2.0,즐거운
994,316,2.8,즐거운
994,382,3.4,힐링
994,66,2.8,건강한
995,385,5.0,즐거운
995,465,4.0,활기찬
995,51,4.3,창의적인
996,107,2.1,건강한
996,406,4.1,진지한
996,52,5.0,활기찬
997,124,3.7,활기찬
997,476,3.8,창의적인
997,500,2.3,즐거운
997,338,4.6,건강한
997,300,3.4,감성적인
997,84,3.2,감성적인
998,213,2.4,즐거운
998,302,5.0,건강한
998,295,5.0,감성적인
998,99,3.8,여유로운
999,218,2.3,여유로운
999,288,2.7,건강한
999,374,2.5,활기찬
999,269,3.0,활기찬
999,44,2.9,여유로운
1000,475,4.9,여유로운
1000,85,3.4,힐링
1000,81,2.9,여유로운
1000,235,4.0,진지한
1000,305,5.0,즐거운
1000,301,3.9,건강한
1000,66,2.5,즐거운
